ticker,exchange
AACB,NasdaqGM
AACG,NasdaqCM
AAL,NasdaqGS
AAME,NasdaqGM
AAOI,NasdaqGM
AAON,NasdaqGS
AAPL,NasdaqGS
AARD,NasdaqGS
ABAT,NasdaqCM
ABCL,NasdaqGS
ABEO,NasdaqCM
ABLV,NasdaqCM
ABNB,NasdaqGS
ABOS,NasdaqGS
ABSI,NasdaqGS
ABTC,NasdaqCM
ABTS,NasdaqCM
ABUS,NasdaqGS
ABVC,NasdaqCM
ABVE,NasdaqGM
ABVX,NasdaqGM
ACAD,NasdaqGS
ACB,NasdaqCM
ACDC,NasdaqGS
ACET,NasdaqCM
ACFN,NasdaqCM
ACGL,NasdaqGS
ACHC,NasdaqGS
ACHV,NasdaqCM
ACIC,NasdaqCM
ACIU,NasdaqGM
ACIW,NasdaqGS
ACLS,NasdaqGS
ACLX,NasdaqGS
ACMR,NasdaqGM
ACNB,NasdaqCM
ACNT,NasdaqGM
ACOG,NasdaqCM
ACON,NasdaqCM
ACRS,NasdaqGS
ACRV,NasdaqGM
ACTG,NasdaqGS
ACTU,NasdaqGM
ACXP,NasdaqCM
ADAC,NasdaqGM
ADAG,NasdaqGM
ADBE,NasdaqGS
ADEA,NasdaqGS
ADI,NasdaqGS
ADIL,NasdaqCM
ADMA,NasdaqGM
ADP,NasdaqGS
ADPT,NasdaqGS
ADSE,NasdaqCM
ADSK,NasdaqGS
ADTX,NasdaqCM
ADUR,NasdaqCM
ADUS,NasdaqGS
ADV,NasdaqGS
ADVB,NasdaqCM
ADXN,NasdaqCM
AEAQ,NasdaqGM
AEBI,NasdaqGS
AEC,NasdaqCM
AEHR,NasdaqCM
AEI,NasdaqCM
AEIS,NasdaqGS
AEMD,NasdaqCM
AENT,NasdaqCM
AEP,NasdaqGS
AERT,NasdaqCM
AEVA,NasdaqGS
AEYE,NasdaqCM
AFBI,NasdaqCM
AFCG,NasdaqGM
AFJK,NasdaqGM
AFRI,NasdaqCM
AFYA,NasdaqGS
AGAE,NasdaqCM
AGCC,NasdaqCM
AGEN,NasdaqCM
AGIO,NasdaqGS
AGMB,NasdaqGS
AGNC,NasdaqGS
AGPU,NasdaqCM
AGRZ,NasdaqCM
AGYS,NasdaqGS
AHCO,NasdaqCM
AHG,NasdaqCM
AHMA,NasdaqCM
AIDX,NasdaqCM
AIFF,NasdaqCM
AIFU,NasdaqGS
AIHS,NasdaqCM
AIIO,NasdaqCM
AIMD,NasdaqCM
AIOS,NasdaqCM
AIOT,NasdaqGM
AIP,NasdaqGM
AIRE,NasdaqCM
AIRG,NasdaqCM
AIRJ,NasdaqCM
AIRS,NasdaqGM
AIRT,NasdaqCM
AIXI,NasdaqGM
AKAM,NasdaqGS
AKAN,NasdaqCM
AKBA,NasdaqCM
AKTS,NasdaqGS
AKTX,NasdaqCM
ALAB,NasdaqGS
ALAR,NasdaqCM
ALBT,NasdaqCM
ALCO,NasdaqGS
ALCY,NasdaqCM
ALDF,NasdaqGM
ALDX,NasdaqCM
ALEC,NasdaqGS
ALF,NasdaqGM
ALGM,NasdaqGS
ALGN,NasdaqGS
ALGS,NasdaqCM
ALGT,NasdaqGS
ALHC,NasdaqGS
ALIS,NasdaqGM
ALKS,NasdaqGS
ALKT,NasdaqGS
ALLO,NasdaqGS
ALLR,NasdaqCM
ALLT,NasdaqGS
ALM,NasdaqCM
ALMS,NasdaqGS
ALMU,NasdaqCM
ALNT,NasdaqGM
ALNY,NasdaqGS
ALOT,NasdaqGM
ALPS,NasdaqGM
ALRS,NasdaqCM
ALT,NasdaqGM
ALTI,NasdaqCM
ALTO,NasdaqCM
ALTS,NasdaqCM
ALVO,NasdaqGM
ALZN,NasdaqCM
AMAL,NasdaqGM
AMAT,NasdaqGS
AMBA,NasdaqGS
AMCI,NasdaqCM
AMCX,NasdaqGS
AMD,NasdaqGS
AMGN,NasdaqGS
AMIX,NasdaqCM
AMKR,NasdaqGS
AMLX,NasdaqGS
AMPG,NasdaqCM
AMPH,NasdaqGS
AMPL,NasdaqCM
AMRN,NasdaqCM
AMRX,NasdaqGS
AMSC,NasdaqGS
AMSF,NasdaqGS
AMST,NasdaqCM
AMTX,NasdaqGM
AMWD,NasdaqGS
AMZN,NasdaqGS
ANAB,NasdaqGS
ANDE,NasdaqGS
ANEB,NasdaqCM
ANGH,NasdaqCM
ANGI,NasdaqGS
ANGO,NasdaqGS
ANIK,NasdaqGS
ANIP,NasdaqGM
ANIX,NasdaqCM
ANL,NasdaqGM
ANNA,NasdaqCM
ANNX,NasdaqGS
ANSC,NasdaqGM
ANTA,NasdaqGM
ANTX,NasdaqGS
ANY,NasdaqCM
AOSL,NasdaqGS
AOUT,NasdaqGS
APA,NasdaqGS
APAC,NasdaqCM
APAD,NasdaqGM
APC,NasdaqCM
APEI,NasdaqGS
APGE,NasdaqGM
API,NasdaqGS
APLD,NasdaqGS
APLM,NasdaqCM
APLS,NasdaqGS
APM,NasdaqCM
APOG,NasdaqGS
APP,NasdaqGS
APPF,NasdaqGM
APPN,NasdaqGM
APPS,NasdaqCM
APRE,NasdaqCM
APVO,NasdaqCM
APWC,NasdaqCM
APXT,NasdaqGM
APYX,NasdaqGS
AQB,NasdaqCM
AQMS,NasdaqCM
AQST,NasdaqGM
ARAI,NasdaqGM
ARAY,NasdaqGS
ARBB,NasdaqCM
ARBE,NasdaqCM
ARBK,NasdaqCM
ARCB,NasdaqGS
ARDX,NasdaqGM
AREC,NasdaqCM
ARGX,NasdaqGS
ARHS,NasdaqGS
ARKO,NasdaqCM
ARKR,NasdaqGM
ARLP,NasdaqGS
AROW,NasdaqGS
ARQ,NasdaqGM
ARQQ,NasdaqCM
ARQT,NasdaqGS
ARRY,NasdaqGM
ARTL,NasdaqCM
ARTNA,NasdaqGS
ARTV,NasdaqGM
ARTW,NasdaqCM
ARVN,NasdaqGS
ARWR,NasdaqGS
ASLE,NasdaqCM
ASMB,NasdaqGS
ASML,NasdaqGS
ASND,NasdaqGS
ASNS,NasdaqCM
ASO,NasdaqGS
ASPI,NasdaqCM
ASRV,NasdaqGM
ASST,NasdaqGM
ASTC,NasdaqCM
ASTE,NasdaqGS
ASTH,NasdaqCM
ASTI,NasdaqCM
ASTL,NasdaqGM
ASTS,NasdaqGS
ASUR,NasdaqCM
ASYS,NasdaqGS
ATAI,NasdaqGM
ATCX,NasdaqCM
ATER,NasdaqCM
ATEX,NasdaqCM
ATGL,NasdaqCM
ATHE,NasdaqCM
ATLO,NasdaqCM
ATLX,NasdaqCM
ATOM,NasdaqCM
ATON,NasdaqCM
ATOS,NasdaqCM
ATPC,NasdaqCM
ATRA,NasdaqGS
ATRC,NasdaqGM
ATRO,NasdaqGS
ATXG,NasdaqCM
ATYR,NasdaqCM
AUBN,NasdaqGM
AUDC,NasdaqGS
AUGO,NasdaqGS
AUID,NasdaqCM
AUPH,NasdaqGM
AUR,NasdaqGS
AURA,NasdaqGM
AURE,NasdaqCM
AUTL,NasdaqGS
AUUD,NasdaqCM
AVAV,NasdaqGS
AVBP,NasdaqGM
AVGO,NasdaqGS
AVIR,NasdaqGS
AVNW,NasdaqGS
AVO,NasdaqGS
AVPT,NasdaqGS
AVR,NasdaqGM
AVT,NasdaqGS
AVTX,NasdaqCM
AVX,NasdaqCM
AVXL,NasdaqGS
AWRE,NasdaqGM
AXGN,NasdaqCM
AXIN,NasdaqGM
AXON,NasdaqGS
AXSM,NasdaqGM
AXTI,NasdaqGS
AYTU,NasdaqCM
AZ,NasdaqCM
AZI,NasdaqGM
AZTA,NasdaqGS
BACC,NasdaqGM
BACQ,NasdaqGM
BAFN,NasdaqCM
BAND,NasdaqGS
BANF,NasdaqGS
BANR,NasdaqGS
BAYA,NasdaqGM
BBCQ,NasdaqGM
BBGI,NasdaqCM
BBIO,NasdaqGS
BBLG,NasdaqCM
BBNX,NasdaqGM
BBOT,NasdaqGM
BBSI,NasdaqGS
BCAB,NasdaqCM
BCAL,NasdaqCM
BCAR,NasdaqGM
BCAX,NasdaqGM
BCBP,NasdaqGM
BCDA,NasdaqCM
BCG,NasdaqGM
BCML,NasdaqGS
BCPC,NasdaqGS
BCRX,NasdaqGS
BCTX,NasdaqCM
BCTXL,NasdaqCM
BCYC,NasdaqGS
BDCI,NasdaqGM
BDRX,NasdaqCM
BDSX,NasdaqGM
BDTX,NasdaqGS
BEAG,NasdaqGM
BEAM,NasdaqGS
BEAT,NasdaqCM
BEEM,NasdaqCM
BEEP,NasdaqGM
BELFA,NasdaqGS
BELFB,NasdaqGS
BENF,NasdaqCM
BETR,NasdaqGM
BFC,NasdaqCM
BFRI,NasdaqCM
BFST,NasdaqGS
BGC,NasdaqGS
BGIN,NasdaqGM
BGL,NasdaqGM
BGLC,NasdaqCM
BGM,NasdaqCM
BGMS,NasdaqCM
BHAT,NasdaqCM
BHF,NasdaqGS
BHFAL,NasdaqGS
BHRB,NasdaqCM
BHST,NasdaqGM
BIAF,NasdaqCM
BIDU,NasdaqGS
BIIB,NasdaqGS
BILI,NasdaqGS
BIOA,NasdaqGS
BIOX,NasdaqGS
BIRD,NasdaqGS
BITF,NasdaqGM
BIVI,NasdaqCM
BIXI,NasdaqGM
BJDX,NasdaqCM
BJRI,NasdaqGS
BKHA,NasdaqGM
BKR,NasdaqGS
BL,NasdaqGS
BLBD,NasdaqGM
BLBX,NasdaqCM
BLDP,NasdaqGM
BLFS,NasdaqCM
BLFY,NasdaqGS
BLIN,NasdaqCM
BLKB,NasdaqGS
BLLN,NasdaqGS
BLMN,NasdaqGS
BLNK,NasdaqCM
BLRK,NasdaqGM
BLRX,NasdaqCM
BLTE,NasdaqCM
BLUW,NasdaqGM
BLZE,NasdaqGM
BLZR,NasdaqGM
BMBL,NasdaqGS
BMEA,NasdaqGS
BMGL,NasdaqCM
BMM,NasdaqCM
BMR,NasdaqCM
BMRA,NasdaqCM
BMRC,NasdaqGS
BMRN,NasdaqGS
BNAI,NasdaqCM
BNBX,NasdaqCM
BNC,NasdaqCM
BNGO,NasdaqCM
BNKK,NasdaqCM
BNR,NasdaqGM
BNRG,NasdaqCM
BNTC,NasdaqCM
BNTX,NasdaqGS
BODI,NasdaqCM
BOF,NasdaqCM
BOKF,NasdaqGS
BOLD,NasdaqGS
BOLT,NasdaqCM
BON,NasdaqCM
BOOM,NasdaqGS
BOSC,NasdaqCM
BOTJ,NasdaqCM
BOXL,NasdaqCM
BPAC,NasdaqCM
BPOP,NasdaqGS
BPRN,NasdaqGS
BRAG,NasdaqGS
BRAI,NasdaqGM
BRBI,NasdaqCM
BRCB,NasdaqGM
BRFH,NasdaqCM
BRID,NasdaqGM
BRKR,NasdaqGS
BRLS,NasdaqCM
BRLT,NasdaqGM
BRNS,NasdaqGM
BRR,NasdaqGM
BRTX,NasdaqCM
BRZE,NasdaqGS
BSBK,NasdaqCM
BSET,NasdaqGS
BSRR,NasdaqGS
BSVN,NasdaqGS
BSY,NasdaqGS
BTAI,NasdaqCM
BTBD,NasdaqCM
BTBT,NasdaqCM
BTCS,NasdaqCM
BTCT,NasdaqCM
BTDR,NasdaqCM
BTM,NasdaqCM
BTMD,NasdaqGM
BTOC,NasdaqGM
BTOG,NasdaqCM
BTQ,NasdaqGM
BTSG,NasdaqGS
BTTC,NasdaqCM
BULL,NasdaqCM
BUSE,NasdaqGS
BUUU,NasdaqCM
BVC,NasdaqCM
BVFL,NasdaqCM
BVS,NasdaqGS
BWAY,NasdaqGM
BWB,NasdaqCM
BWEN,NasdaqCM
BWFG,NasdaqGM
BWIN,NasdaqGS
BWMN,NasdaqGM
BYAH,NasdaqCM
BYFC,NasdaqCM
BYND,NasdaqGS
BYRN,NasdaqCM
BYSI,NasdaqCM
BZ,NasdaqGS
BZFD,NasdaqCM
BZUN,NasdaqGS
CAAS,NasdaqCM
CABA,NasdaqGS
CABR,NasdaqCM
CAC,NasdaqGS
CACC,NasdaqGS
CADL,NasdaqGM
CAEP,NasdaqGM
CAI,NasdaqGS
CAKE,NasdaqGS
CALC,NasdaqCM
CALM,NasdaqGS
CAMP,NasdaqGM
CAMT,NasdaqGM
CAN,NasdaqGM
CAPN,NasdaqGM
CAPR,NasdaqCM
CAPS,NasdaqCM
CAPT,NasdaqGM
CAR,NasdaqGS
CARE,NasdaqGS
CARG,NasdaqGS
CARL,NasdaqGS
CART,NasdaqGS
CASH,NasdaqGS
CASI,NasdaqCM
CASS,NasdaqGS
CASY,NasdaqGS
CATY,NasdaqGS
CBAT,NasdaqCM
CBC,NasdaqGS
CBFV,NasdaqGM
CBIO,NasdaqCM
CBK,NasdaqCM
CBLL,NasdaqGS
CBNK,NasdaqGS
CBRL,NasdaqGS
CBSH,NasdaqGS
CBUS,NasdaqCM
CCAP,NasdaqGM
CCB,NasdaqGS
CCBG,NasdaqGS
CCCC,NasdaqGS
CCEC,NasdaqGS
CCEP,NasdaqGS
CCG,NasdaqCM
CCII,NasdaqGM
CCIX,NasdaqGM
CCLD,NasdaqGM
CCNE,NasdaqGS
CCRN,NasdaqGS
CCSI,NasdaqGS
CCXI,NasdaqGM
CDLX,NasdaqGM
CDNA,NasdaqGM
CDNL,NasdaqGS
CDNS,NasdaqGS
CDRO,NasdaqCM
CDT,NasdaqCM
CDW,NasdaqGS
CDXS,NasdaqGS
CDZI,NasdaqGM
CDZIP,NasdaqGM
CECO,NasdaqGS
CEG,NasdaqGS
CELC,NasdaqCM
CELU,NasdaqCM
CENN,NasdaqCM
CENT,NasdaqGS
CENTA,NasdaqGS
CENX,NasdaqGS
CEPF,NasdaqGM
CEPO,NasdaqGM
CEPS,NasdaqGM
CEPT,NasdaqGM
CEPV,NasdaqGM
CERS,NasdaqGM
CERT,NasdaqGS
CETX,NasdaqCM
CETY,NasdaqCM
CEVA,NasdaqGS
CFBK,NasdaqCM
CFFI,NasdaqGS
CFFN,NasdaqGS
CFLT,NasdaqGS
CG,NasdaqGS
CGC,NasdaqGS
CGCT,NasdaqGM
CGEM,NasdaqGS
CGEN,NasdaqCM
CGNT,NasdaqGS
CGNX,NasdaqGS
CGON,NasdaqGS
CGTX,NasdaqCM
CHAC,NasdaqGM
CHAR,NasdaqGM
CHCI,NasdaqCM
CHCO,NasdaqGS
CHDN,NasdaqGS
CHEC,NasdaqGM
CHEF,NasdaqGS
CHKP,NasdaqGS
CHMG,NasdaqGS
CHNR,NasdaqCM
CHPG,NasdaqGM
CHR,NasdaqCM
CHRD,NasdaqGS
CHRS,NasdaqGM
CHRW,NasdaqGS
CHTR,NasdaqGS
CHYM,NasdaqGS
CIFR,NasdaqGS
CINF,NasdaqGS
CING,NasdaqCM
CISO,NasdaqCM
CISS,NasdaqCM
CIVB,NasdaqCM
CJMB,NasdaqCM
CLAR,NasdaqGS
CLBK,NasdaqGS
CLBT,NasdaqGS
CLDX,NasdaqCM
CLFD,NasdaqGM
CLGN,NasdaqCM
CLIR,NasdaqCM
CLLS,NasdaqGM
CLMB,NasdaqGM
CLMT,NasdaqGS
CLNE,NasdaqGS
CLNN,NasdaqCM
CLOV,NasdaqGS
CLPS,NasdaqGM
CLPT,NasdaqCM
CLRB,NasdaqCM
CLRO,NasdaqCM
CLSK,NasdaqCM
CLST,NasdaqCM
CLYM,NasdaqGM
CMBM,NasdaqGM
CMCO,NasdaqGS
CMCSA,NasdaqGS
CMCT,NasdaqCM
CME,NasdaqGS
CMMB,NasdaqCM
CMND,NasdaqCM
CMPR,NasdaqGS
CMPS,NasdaqGS
CMPX,NasdaqCM
CMTL,NasdaqGS
CMTV,NasdaqCM
CNCK,NasdaqGM
CNDT,NasdaqGS
CNET,NasdaqCM
CNEY,NasdaqCM
CNOB,NasdaqGS
CNSP,NasdaqCM
CNTA,NasdaqGS
CNTX,NasdaqCM
CNTY,NasdaqCM
CNVS,NasdaqCM
CNXC,NasdaqGS
CNXN,NasdaqGS
COCH,NasdaqCM
COCO,NasdaqGS
COCP,NasdaqCM
CODA,NasdaqCM
COFS,NasdaqCM
COGT,NasdaqGS
COHU,NasdaqGS
COIN,NasdaqGS
COKE,NasdaqGS
COLA,NasdaqGM
COLB,NasdaqGS
COLL,NasdaqGS
COLM,NasdaqGS
COO,NasdaqGS
CORT,NasdaqCM
CORZ,NasdaqGS
CORZZ,NasdaqGS
COSM,NasdaqCM
COST,NasdaqGS
COYA,NasdaqCM
CPB,NasdaqGS
CPBI,NasdaqCM
CPHC,NasdaqGM
CPIX,NasdaqGS
CPOP,NasdaqCM
CPRT,NasdaqGS
CPRX,NasdaqCM
CPSH,NasdaqCM
CRAC,NasdaqGM
CRAN,NasdaqGM
CRAQ,NasdaqGM
CRBU,NasdaqGS
CRCT,NasdaqGS
CRDF,NasdaqCM
CRDL,NasdaqCM
CRDO,NasdaqGS
CRE,NasdaqCM
CREG,NasdaqCM
CRESY,NasdaqGS
CREX,NasdaqCM
CRGO,NasdaqCM
CRIS,NasdaqCM
CRMD,NasdaqGM
CRML,NasdaqGM
CRMT,NasdaqGS
CRNC,NasdaqGS
CRNT,NasdaqGS
CRNX,NasdaqGS
CRON,NasdaqGM
CROX,NasdaqGS
CRSP,NasdaqGM
CRSR,NasdaqGS
CRTO,NasdaqGS
CRUS,NasdaqGS
CRVL,NasdaqGS
CRVO,NasdaqCM
CRVS,NasdaqGM
CRWS,NasdaqCM
CRWV,NasdaqGS
CSAI,NasdaqCM
CSBR,NasdaqCM
CSCO,NasdaqGS
CSGP,NasdaqGS
CSIQ,NasdaqGS
CSPI,NasdaqGM
CSTE,NasdaqGS
CSTL,NasdaqGM
CSWC,NasdaqGS
CSX,NasdaqGS
CTAS,NasdaqGS
CTKB,NasdaqGS
CTLP,NasdaqGS
CTMX,NasdaqGS
CTNM,NasdaqGS
CTNT,NasdaqCM
CTOR,NasdaqCM
CTRM,NasdaqCM
CTRN,NasdaqGS
CTSH,NasdaqGS
CTSO,NasdaqCM
CTW,NasdaqCM
CTXR,NasdaqCM
CUE,NasdaqCM
CURI,NasdaqCM
CURR,NasdaqGM
CURX,NasdaqCM
CV,NasdaqCM
CVBF,NasdaqGS
CVCO,NasdaqGS
CVGI,NasdaqGS
CVGW,NasdaqGS
CVKD,NasdaqCM
CVLT,NasdaqGS
CVRX,NasdaqGS
CVV,NasdaqCM
CWBC,NasdaqCM
CWCO,NasdaqGS
CWD,NasdaqCM
CWST,NasdaqGS
CXAI,NasdaqCM
CXDO,NasdaqCM
CYCN,NasdaqCM
CYCU,NasdaqGM
CYN,NasdaqCM
CYPH,NasdaqCM
CYRX,NasdaqCM
CYTK,NasdaqGS
CZFS,NasdaqCM
CZNC,NasdaqCM
CZR,NasdaqGS
CZWI,NasdaqGM
DAAQ,NasdaqGM
DAIC,NasdaqGM
DAIO,NasdaqCM
DAKT,NasdaqGS
DARE,NasdaqCM
DASH,NasdaqGS
DAVE,NasdaqGM
DAWN,NasdaqGS
DBGI,NasdaqCM
DBVT,NasdaqCM
DBX,NasdaqGS
DCBO,NasdaqGS
DCGO,NasdaqCM
DCOM,NasdaqGS
DCOY,NasdaqCM
DCTH,NasdaqCM
DCX,NasdaqCM
DDI,NasdaqGS
DDOG,NasdaqGS
DEFT,NasdaqCM
DERM,NasdaqCM
DEVS,NasdaqCM
DFDV,NasdaqCM
DFNS,NasdaqGM
DFSC,NasdaqCM
DFTX,NasdaqGS
DGICA,NasdaqGS
DGICB,NasdaqGS
DGNX,NasdaqCM
DGXX,NasdaqCM
DH,NasdaqGS
DHIL,NasdaqGS
DIBS,NasdaqGM
DIOD,NasdaqGS
DJCO,NasdaqCM
DJT,NasdaqGM
DKI,NasdaqCM
DKNG,NasdaqGS
DLO,NasdaqGS
DLPN,NasdaqCM
DLTR,NasdaqGS
DMAA,NasdaqGM
DMAC,NasdaqCM
DMII,NasdaqGM
DMLP,NasdaqGS
DMRC,NasdaqGS
DNLI,NasdaqGS
DNMX,NasdaqGM
DNTH,NasdaqCM
DNUT,NasdaqGS
DOCU,NasdaqGS
DOMO,NasdaqGM
DOO,NasdaqGS
DORM,NasdaqGS
DOX,NasdaqGS
DPRO,NasdaqCM
DPZ,NasdaqGS
DRDB,NasdaqGM
DRH,NasdaqGS
DRIO,NasdaqCM
DRMA,NasdaqCM
DRS,NasdaqGS
DRTS,NasdaqCM
DRUG,NasdaqCM
DSAC,NasdaqGM
DSGN,NasdaqGS
DSGR,NasdaqGS
DSGX,NasdaqGS
DSP,NasdaqGS
DSWL,NasdaqGM
DTCK,NasdaqCM
DTCX,NasdaqCM
DTIL,NasdaqCM
DTSQ,NasdaqGM
DTSS,NasdaqCM
DTST,NasdaqCM
DUO,NasdaqCM
DUOL,NasdaqGS
DUOT,NasdaqCM
DVLT,NasdaqCM
DWSN,NasdaqGS
DWTX,NasdaqCM
DXCM,NasdaqGS
DXLG,NasdaqGM
DXPE,NasdaqGS
DXST,NasdaqCM
DYN,NasdaqGS
DYOR,NasdaqGM
EA,NasdaqGS
EBAY,NasdaqGS
EBC,NasdaqGS
EBMT,NasdaqGM
ECBK,NasdaqCM
ECOR,NasdaqCM
ECPG,NasdaqGS
EDAP,NasdaqGM
EDBL,NasdaqCM
EDHL,NasdaqCM
EDIT,NasdaqGS
EDRY,NasdaqCM
EDSA,NasdaqCM
EDTK,NasdaqCM
EDUC,NasdaqGM
EEFT,NasdaqGS
EFOI,NasdaqCM
EFSC,NasdaqGS
EFSI,NasdaqCM
EFTY,NasdaqCM
EGAN,NasdaqCM
EGBN,NasdaqCM
EGHA,NasdaqGM
EGHT,NasdaqGS
EHGO,NasdaqCM
EHLD,NasdaqCM
EHTH,NasdaqGS
EIKN,NasdaqGS
ELBM,NasdaqCM
ELDN,NasdaqCM
ELE,NasdaqCM
ELPW,NasdaqGM
ELSE,NasdaqCM
ELTK,NasdaqCM
ELTX,NasdaqCM
ELUT,NasdaqCM
ELVA,NasdaqCM
ELVN,NasdaqGS
ELVR,NasdaqCM
ELWT,NasdaqCM
EM,NasdaqCM
EMAT,NasdaqGM
EMBC,NasdaqGS
EMIS,NasdaqGM
EML,NasdaqGM
EMPD,NasdaqGS
EMPG,NasdaqCM
ENGS,NasdaqCM
ENLT,NasdaqGS
ENLV,NasdaqCM
ENPH,NasdaqGM
ENSC,NasdaqCM
ENSG,NasdaqGS
ENTA,NasdaqGS
ENTG,NasdaqGS
ENTX,NasdaqCM
ENVB,NasdaqCM
ENVX,NasdaqGS
EOLS,NasdaqGM
EOSE,NasdaqCM
EPOW,NasdaqCM
EPRX,NasdaqCM
EPSM,NasdaqCM
EPSN,NasdaqGM
EQ,NasdaqCM
EQIX,NasdaqGS
EQPT,NasdaqGS
ERAS,NasdaqGS
ERIC,NasdaqGS
ERIE,NasdaqGS
ERII,NasdaqGS
ERNA,NasdaqCM
ESCA,NasdaqGM
ESEA,NasdaqCM
ESHA,NasdaqCM
ESLA,NasdaqCM
ESLT,NasdaqGS
ESOA,NasdaqCM
ESPR,NasdaqGM
ETHM,NasdaqGM
ETHZ,NasdaqCM
ETON,NasdaqGM
ETOR,NasdaqGS
ETS,NasdaqCM
EU,NasdaqCM
EURK,NasdaqCM
EVAX,NasdaqCM
EVCM,NasdaqGS
EVER,NasdaqGM
EVGN,NasdaqCM
EVGO,NasdaqGS
EVO,NasdaqGS
EVOX,NasdaqGM
EVRG,NasdaqGS
EVTV,NasdaqCM
EWBC,NasdaqGS
EWCZ,NasdaqGS
EWTX,NasdaqGS
EXAS,NasdaqCM
EXC,NasdaqGS
EXE,NasdaqGS
EXEL,NasdaqGS
EXFY,NasdaqGS
EXOZ,NasdaqCM
EXPE,NasdaqGS
EXPO,NasdaqGS
EXTR,NasdaqGS
EYPT,NasdaqGM
EZGO,NasdaqCM
EZPW,NasdaqGS
EZRA,NasdaqCM
FA,NasdaqGS
FACT,NasdaqGM
FAMI,NasdaqCM
FANG,NasdaqGS
FARM,NasdaqGS
FAST,NasdaqGS
FATE,NasdaqGM
FATN,NasdaqCM
FBGL,NasdaqCM
FBIO,NasdaqCM
FBIZ,NasdaqGS
FBLA,NasdaqCM
FBLG,NasdaqCM
FBNC,NasdaqGS
FBRX,NasdaqCM
FBYD,NasdaqGM
FCAP,NasdaqCM
FCBC,NasdaqGS
FCCO,NasdaqCM
FCEL,NasdaqGM
FCNCA,NasdaqGS
FCUV,NasdaqCM
FDBC,NasdaqGM
FDMT,NasdaqGS
FDSB,NasdaqCM
FEAM,NasdaqGS
FEED,NasdaqCM
FEIM,NasdaqGM
FELE,NasdaqGS
FEMY,NasdaqCM
FENC,NasdaqCM
FER,NasdaqGS
FERA,NasdaqGM
FFAI,NasdaqCM
FFBC,NasdaqGS
FFIC,NasdaqGS
FFIN,NasdaqGS
FFIV,NasdaqGS
FGBI,NasdaqGM
FGI,NasdaqCM
FGL,NasdaqCM
FGMC,NasdaqGM
FGNX,NasdaqGM
FHB,NasdaqGS
FHTX,NasdaqGM
FIBK,NasdaqGS
FIEE,NasdaqCM
FIGR,NasdaqGS
FIGX,NasdaqGM
FINW,NasdaqGM
FIP,NasdaqGS
FISI,NasdaqGS
FISV,NasdaqGS
FITB,NasdaqGS
FIVE,NasdaqGS
FIVN,NasdaqGM
FIZZ,NasdaqGS
FKWL,NasdaqCM
FLEX,NasdaqGS
FLGT,NasdaqGM
FLL,NasdaqCM
FLNC,NasdaqGS
FLNT,NasdaqCM
FLWS,NasdaqGS
FLX,NasdaqGS
FLXS,NasdaqGS
FLY,NasdaqGM
FLYE,NasdaqCM
FLYW,NasdaqGS
FMAO,NasdaqCM
FMBH,NasdaqGM
FMFC,NasdaqCM
FMNB,NasdaqCM
FMST,NasdaqCM
FNGR,NasdaqCM
FNKO,NasdaqGS
FNLC,NasdaqGS
FNWB,NasdaqGM
FNWD,NasdaqCM
FOFO,NasdaqCM
FOLD,NasdaqGM
FONR,NasdaqCM
FORA,NasdaqCM
FORM,NasdaqGS
FORR,NasdaqGS
FORTY,NasdaqGS
FOSL,NasdaqGS
FOX,NasdaqGS
FOXA,NasdaqGS
FOXF,NasdaqGS
FRAF,NasdaqCM
FRBA,NasdaqGM
FRD,NasdaqGS
FRGT,NasdaqCM
FRHC,NasdaqCM
FRME,NasdaqGS
FRMI,NasdaqGS
FROG,NasdaqGS
FRPT,NasdaqGM
FRSH,NasdaqGS
FRST,NasdaqGM
FSBC,NasdaqGS
FSBW,NasdaqCM
FSEA,NasdaqCM
FSHP,NasdaqGM
FSLR,NasdaqGS
FSLY,NasdaqGS
FSTR,NasdaqGS
FSUN,NasdaqGS
FSV,NasdaqGS
FTAI,NasdaqGS
FTCI,NasdaqCM
FTDR,NasdaqGS
FTEK,NasdaqCM
FTEL,NasdaqCM
FTFT,NasdaqCM
FTLF,NasdaqCM
FTNT,NasdaqGS
FTRK,NasdaqCM
FUFU,NasdaqCM
FULC,NasdaqGM
FULT,NasdaqGS
FUNC,NasdaqGS
FUSB,NasdaqCM
FUSE,NasdaqGM
FVCB,NasdaqCM
FVN,NasdaqCM
FWDI,NasdaqCM
FWRD,NasdaqGS
FWRG,NasdaqGS
FXNC,NasdaqCM
GABC,NasdaqGS
GAIA,NasdaqGM
GAIN,NasdaqGS
GALT,NasdaqCM
GAMB,NasdaqGM
GANX,NasdaqGM
GASS,NasdaqGS
GAUZ,NasdaqGM
GBLI,NasdaqGS
GCBC,NasdaqCM
GCMG,NasdaqGM
GCT,NasdaqGM
GCTK,NasdaqCM
GDC,NasdaqCM
GDEN,NasdaqGM
GDEV,NasdaqGM
GDTC,NasdaqCM
GEG,NasdaqGS
GEHC,NasdaqGS
GELS,NasdaqCM
GEMI,NasdaqGS
GEN,NasdaqGS
GENK,NasdaqGM
GEOS,NasdaqGS
GERN,NasdaqGS
GEVO,NasdaqCM
GFAI,NasdaqCM
GFS,NasdaqGS
GGAL,NasdaqCM
GGR,NasdaqCM
GGRP,NasdaqCM
GH,NasdaqGS
GHRS,NasdaqGM
GIFT,NasdaqCM
GIG,NasdaqGM
GIGM,NasdaqCM
GIII,NasdaqGS
GILD,NasdaqGS
GILT,NasdaqGS
GITS,NasdaqCM
GIW,NasdaqGM
GLBE,NasdaqGS
GLBS,NasdaqCM
GLDD,NasdaqGS
GLE,NasdaqCM
GLMD,NasdaqCM
GLNG,NasdaqGS
GLPG,NasdaqGS
GLPI,NasdaqGS
GLRE,NasdaqGS
GLSI,NasdaqCM
GLTO,NasdaqCM
GLUE,NasdaqGS
GLXG,NasdaqCM
GLXY,NasdaqGS
GMAB,NasdaqGS
GMGI,NasdaqCM
GMM,NasdaqCM
GNLX,NasdaqCM
GNPX,NasdaqCM
GNSS,NasdaqCM
GNTA,NasdaqCM
GNTX,NasdaqGS
GO,NasdaqGS
GOAI,NasdaqCM
GOCO,NasdaqCM
GOGO,NasdaqGS
GOOG,NasdaqGS
GOOGL,NasdaqGS
GOSS,NasdaqGS
GOVX,NasdaqCM
GP,NasdaqCM
GPAC,NasdaqGM
GPAT,NasdaqGM
GPCR,NasdaqGM
GPRE,NasdaqGS
GPRO,NasdaqGS
GRAL,NasdaqGS
GRAN,NasdaqCM
GRCE,NasdaqCM
GRDX,NasdaqCM
GRFS,NasdaqGS
GRI,NasdaqCM
GRNQ,NasdaqCM
GROW,NasdaqCM
GRPN,NasdaqGS
GRRR,NasdaqCM
GRVY,NasdaqGM
GRWG,NasdaqCM
GSAT,NasdaqGS
GSBC,NasdaqGS
GSHD,NasdaqGS
GSHR,NasdaqGM
GSIT,NasdaqGS
GSIW,NasdaqCM
GSM,NasdaqCM
GSRF,NasdaqGM
GSUN,NasdaqCM
GT,NasdaqGS
GTBP,NasdaqCM
GTEC,NasdaqCM
GTERA,NasdaqGM
GTIM,NasdaqCM
GTLB,NasdaqGS
GTM,NasdaqGS
GTX,NasdaqGS
GURE,NasdaqCM
GUTS,NasdaqGM
GWAV,NasdaqCM
GWRS,NasdaqGM
GXAI,NasdaqCM
GYRE,NasdaqCM
GYRO,NasdaqCM
HAFC,NasdaqGS
HAIN,NasdaqGS
HALO,NasdaqGS
HAO,NasdaqCM
HAS,NasdaqGS
HAVA,NasdaqGM
HBAN,NasdaqGS
HBCP,NasdaqGS
HBIO,NasdaqCM
HBNC,NasdaqGS
HBT,NasdaqGS
HCAC,NasdaqGM
HCAI,NasdaqCM
HCAT,NasdaqGS
HCKT,NasdaqGS
HCM,NasdaqGS
HCMA,NasdaqGM
HCSG,NasdaqGS
HCTI,NasdaqCM
HCWB,NasdaqCM
HDSN,NasdaqCM
HELE,NasdaqGS
HELP,NasdaqGM
HEPS,NasdaqGS
HERE,NasdaqGM
HFBL,NasdaqCM
HFFG,NasdaqCM
HFWA,NasdaqGS
HGBL,NasdaqCM
HHS,NasdaqGM
HIFS,NasdaqGM
HIMX,NasdaqGS
HIT,NasdaqCM
HITI,NasdaqCM
HIVE,NasdaqCM
HKIT,NasdaqCM
HKPD,NasdaqCM
HLIT,NasdaqGS
HLMN,NasdaqGM
HLNE,NasdaqGS
HLP,NasdaqCM
HLXC,NasdaqGM
HNNA,NasdaqGM
HNRG,NasdaqCM
HNST,NasdaqGS
HNVR,NasdaqGS
HOFT,NasdaqGS
HOLO,NasdaqCM
HOLX,NasdaqGS
HOOD,NasdaqGS
HOPE,NasdaqGS
HOTH,NasdaqCM
HOUR,NasdaqCM
HOVR,NasdaqCM
HOWL,NasdaqGS
HPAI,NasdaqCM
HPK,NasdaqGM
HQI,NasdaqCM
HQY,NasdaqGS
HROW,NasdaqGM
HRTX,NasdaqCM
HRZN,NasdaqGS
HSAI,NasdaqGS
HSCS,NasdaqCM
HSDT,NasdaqCM
HSIC,NasdaqGS
HSPT,NasdaqGM
HST,NasdaqGS
HSTM,NasdaqGS
HTBK,NasdaqGS
HTCR,NasdaqCM
HTFL,NasdaqGS
HTHT,NasdaqGS
HTLD,NasdaqGS
HTLM,NasdaqCM
HTO,NasdaqGS
HTOO,NasdaqCM
HUBC,NasdaqCM
HUBG,NasdaqGS
HUIZ,NasdaqGM
HUMA,NasdaqGS
HURA,NasdaqCM
HURC,NasdaqGS
HURN,NasdaqGS
HUT,NasdaqGS
HVII,NasdaqGM
HVMC,NasdaqGM
HWBK,NasdaqGS
HWC,NasdaqGS
HWKN,NasdaqGS
HYMC,NasdaqCM
HYNE,NasdaqCM
HYPD,NasdaqCM
HYPR,NasdaqGM
IAC,NasdaqGS
IBAC,NasdaqGM
IBCP,NasdaqGS
IBEX,NasdaqGM
IBG,NasdaqCM
IBIO,NasdaqCM
IBKR,NasdaqGS
IBRX,NasdaqGS
ICCC,NasdaqCM
ICCM,NasdaqCM
ICG,NasdaqCM
ICLR,NasdaqGS
ICMB,NasdaqGS
ICON,NasdaqCM
ICU,NasdaqCM
ICUI,NasdaqGS
IDAI,NasdaqCM
IDCC,NasdaqGS
IDN,NasdaqGM
IDXX,NasdaqGS
IDYA,NasdaqGS
IEP,NasdaqGS
IFBD,NasdaqCM
IFRX,NasdaqGS
IGAC,NasdaqGM
IHRT,NasdaqGS
III,NasdaqGM
IIIV,NasdaqGS
IINN,NasdaqCM
IKT,NasdaqCM
ILAG,NasdaqCM
ILMN,NasdaqGS
IMA,NasdaqCM
IMCC,NasdaqCM
IMDX,NasdaqCM
IMG,NasdaqCM
IMKTA,NasdaqGS
IMMP,NasdaqGM
IMMR,NasdaqGS
IMMX,NasdaqCM
IMNM,NasdaqCM
IMNN,NasdaqCM
IMOS,NasdaqGS
IMPP,NasdaqCM
IMRN,NasdaqCM
IMRX,NasdaqGM
IMSR,NasdaqGS
IMTE,NasdaqCM
IMTX,NasdaqCM
IMUX,NasdaqCM
IMVT,NasdaqGS
INAB,NasdaqCM
INAC,NasdaqGM
INBK,NasdaqGS
INBS,NasdaqCM
INBX,NasdaqGS
INCR,NasdaqGM
INCY,NasdaqGS
INDB,NasdaqGS
INDI,NasdaqCM
INDP,NasdaqCM
INDV,NasdaqGS
INGN,NasdaqGS
INKT,NasdaqCM
INLF,NasdaqCM
INM,NasdaqCM
INMB,NasdaqCM
INMD,NasdaqGS
INNV,NasdaqGS
INO,NasdaqCM
INOD,NasdaqGM
INSE,NasdaqCM
INSG,NasdaqGS
INSM,NasdaqGS
INTA,NasdaqGS
INTC,NasdaqGS
INTG,NasdaqCM
INTJ,NasdaqCM
INTR,NasdaqGS
INTS,NasdaqCM
INTU,NasdaqGS
INTZ,NasdaqCM
INV,NasdaqGM
INVA,NasdaqGS
INVE,NasdaqCM
INVZ,NasdaqCM
IOBT,NasdaqGS
IONR,NasdaqCM
IONS,NasdaqGS
IOSP,NasdaqGS
IOTR,NasdaqCM
IOVA,NasdaqGM
IPAR,NasdaqGS
IPCX,NasdaqGM
IPDN,NasdaqCM
IPEX,NasdaqGM
IPGP,NasdaqGS
IPHA,NasdaqGS
IPM,NasdaqCM
IPOD,NasdaqGM
IPSC,NasdaqCM
IPW,NasdaqCM
IPWR,NasdaqCM
IPX,NasdaqCM
IQ,NasdaqGS
IQST,NasdaqCM
IRD,NasdaqCM
IRDM,NasdaqGS
IREN,NasdaqGS
IRHO,NasdaqGM
IRIX,NasdaqCM
IRMD,NasdaqGM
IRON,NasdaqGM
IROQ,NasdaqCM
IRWD,NasdaqGS
ISBA,NasdaqCM
ISPC,NasdaqCM
ISPR,NasdaqCM
ISRG,NasdaqGS
ISSC,NasdaqGS
ISTR,NasdaqGM
ITHA,NasdaqGM
ITIC,NasdaqGS
ITRI,NasdaqGS
ITRM,NasdaqCM
ITRN,NasdaqGS
IVA,NasdaqGM
IVDA,NasdaqCM
IVF,NasdaqCM
IVVD,NasdaqGM
IXHL,NasdaqCM
IZEA,NasdaqCM
IZM,NasdaqCM
JACK,NasdaqGS
JAGX,NasdaqCM
JAKK,NasdaqGS
JANX,NasdaqGM
JAZZ,NasdaqGS
JBHT,NasdaqGS
JBIO,NasdaqCM
JBLU,NasdaqGS
JBSS,NasdaqGS
JCAP,NasdaqGS
JCTC,NasdaqCM
JD,NasdaqGS
JDZG,NasdaqCM
JFBR,NasdaqCM
JFIN,NasdaqGM
JFU,NasdaqGM
JG,NasdaqCM
JJSF,NasdaqGS
JKHY,NasdaqGS
JL,NasdaqCM
JLHL,NasdaqCM
JMSB,NasdaqCM
JOUT,NasdaqGS
JOYY,NasdaqGS
JSPR,NasdaqCM
JTAI,NasdaqCM
JUNS,NasdaqCM
JVA,NasdaqCM
JWEL,NasdaqCM
JXG,NasdaqCM
JYD,NasdaqCM
JYNT,NasdaqCM
JZ,NasdaqCM
KALA,NasdaqCM
KALU,NasdaqGS
KALV,NasdaqGM
KARO,NasdaqCM
KBON,NasdaqGM
KBSX,NasdaqGM
KCHV,NasdaqGM
KDK,NasdaqGM
KDP,NasdaqGS
KE,NasdaqGS
KELYA,NasdaqGS
KELYB,NasdaqGS
KEQU,NasdaqGM
KFFB,NasdaqGM
KFII,NasdaqGM
KG,NasdaqCM
KGEI,NasdaqCM
KHC,NasdaqGS
KIDS,NasdaqGM
KINS,NasdaqCM
KITT,NasdaqCM
KLAC,NasdaqGS
KLIC,NasdaqGS
KLRS,NasdaqGM
KLTO,NasdaqCM
KLTR,NasdaqGS
KMB,NasdaqGS
KMDA,NasdaqGS
KMRK,NasdaqCM
KMTS,NasdaqGS
KNDI,NasdaqGS
KOD,NasdaqGM
KOPN,NasdaqCM
KOSS,NasdaqCM
KOYN,NasdaqGM
KPRX,NasdaqCM
KPTI,NasdaqGS
KRMD,NasdaqCM
KRNT,NasdaqGS
KRNY,NasdaqGS
KROS,NasdaqGM
KRRO,NasdaqCM
KRT,NasdaqGS
KRUS,NasdaqGM
KRYS,NasdaqGS
KSCP,NasdaqCM
KSPI,NasdaqGS
KTCC,NasdaqGM
KTOS,NasdaqGS
KTTA,NasdaqCM
KURA,NasdaqGS
KUST,NasdaqCM
KVAC,NasdaqGM
KVHI,NasdaqGS
KWM,NasdaqGM
KYIV,NasdaqGS
KYMR,NasdaqGM
KYNB,NasdaqGS
KYTX,NasdaqGS
KZIA,NasdaqCM
KZR,NasdaqCM
LAB,NasdaqGS
LAES,NasdaqGS
LAFA,NasdaqGM
LAKE,NasdaqGM
LAMR,NasdaqGS
LAND,NasdaqGM
LARK,NasdaqGM
LASE,NasdaqCM
LASR,NasdaqGS
LATA,NasdaqGM
LAUR,NasdaqGS
LAWR,NasdaqCM
LBRDA,NasdaqGS
LBRDK,NasdaqGS
LBRX,NasdaqGM
LBTYA,NasdaqGS
LBTYB,NasdaqGS
LBTYK,NasdaqGS
LCCC,NasdaqGM
LCFY,NasdaqCM
LCID,NasdaqGS
LCNB,NasdaqCM
LCUT,NasdaqGS
LE,NasdaqCM
LEDS,NasdaqCM
LEE,NasdaqGS
LEGH,NasdaqGS
LEGN,NasdaqGS
LENZ,NasdaqGS
LESL,NasdaqGS
LEXX,NasdaqCM
LFAC,NasdaqGM
LFCR,NasdaqGS
LFMD,NasdaqGM
LFS,NasdaqCM
LFST,NasdaqGS
LFUS,NasdaqGS
LFVN,NasdaqCM
LFWD,NasdaqCM
LGCB,NasdaqCM
LGCL,NasdaqCM
LGHL,NasdaqCM
LGIH,NasdaqGS
LGN,NasdaqGS
LGND,NasdaqGM
LGO,NasdaqGS
LGVN,NasdaqCM
LI,NasdaqGS
LIDR,NasdaqCM
LIEN,NasdaqGM
LIF,NasdaqGS
LIFE,NasdaqGS
LILA,NasdaqGS
LILAK,NasdaqGS
LIMN,NasdaqGM
LIN,NasdaqGS
LINC,NasdaqGS
LINE,NasdaqGS
LINK,NasdaqCM
LITM,NasdaqCM
LITS,NasdaqCM
LIVE,NasdaqCM
LIVN,NasdaqGS
LKFN,NasdaqGS
LKQ,NasdaqGS
LKSP,NasdaqGM
LMAT,NasdaqGM
LMFA,NasdaqCM
LMNR,NasdaqGS
LNAI,NasdaqCM
LNKB,NasdaqCM
LNKS,NasdaqCM
LNSR,NasdaqCM
LNT,NasdaqGS
LNZA,NasdaqCM
LOAN,NasdaqCM
LOBO,NasdaqCM
LOKV,NasdaqGM
LONA,NasdaqCM
LOOP,NasdaqGM
LOPE,NasdaqGS
LOT,NasdaqGS
LOVE,NasdaqGM
LPAA,NasdaqGM
LPBB,NasdaqGM
LPCN,NasdaqCM
LPCV,NasdaqGM
LPRO,NasdaqGM
LPSN,NasdaqGS
LPTH,NasdaqCM
LQDA,NasdaqCM
LQDT,NasdaqGS
LRCX,NasdaqGS
LRE,NasdaqCM
LRMR,NasdaqGM
LSAK,NasdaqGS
LSBK,NasdaqGM
LSCC,NasdaqGS
LSE,NasdaqCM
LSH,NasdaqCM
LSTA,NasdaqCM
LSTR,NasdaqGS
LTBR,NasdaqCM
LTRN,NasdaqCM
LTRX,NasdaqCM
LUCD,NasdaqCM
LUCY,NasdaqCM
LULU,NasdaqGS
LUNG,NasdaqGS
LUNR,NasdaqGM
LVO,NasdaqCM
LVRO,NasdaqGM
LWAC,NasdaqGM
LWAY,NasdaqGM
LWLG,NasdaqCM
LXEH,NasdaqGM
LXEO,NasdaqGM
LXRX,NasdaqCM
LYEL,NasdaqGS
LYFT,NasdaqGS
LYRA,NasdaqCM
LYTS,NasdaqGS
LZ,NasdaqGS
MAAS,NasdaqGM
MACI,NasdaqGM
MAMA,NasdaqCM
MAMK,NasdaqCM
MAMO,NasdaqCM
MANH,NasdaqGS
MAPS,NasdaqGS
MASI,NasdaqGS
MASK,NasdaqCM
MASS,NasdaqGM
MAT,NasdaqGS
MATH,NasdaqCM
MAXN,NasdaqGS
MAYS,NasdaqCM
MAZE,NasdaqGM
MB,NasdaqCM
MBAI,NasdaqCM
MBAV,NasdaqGM
MBBC,NasdaqCM
MBCN,NasdaqCM
MBIN,NasdaqCM
MBIO,NasdaqCM
MBLY,NasdaqGS
MBOT,NasdaqCM
MBRX,NasdaqCM
MBUU,NasdaqGM
MBVI,NasdaqGM
MBWM,NasdaqGS
MBX,NasdaqGS
MCBS,NasdaqGS
MCGA,NasdaqGM
MCHB,NasdaqGS
MCHP,NasdaqGS
MCHX,NasdaqGS
MCRB,NasdaqGS
MCRI,NasdaqGS
MCTA,NasdaqCM
MCW,NasdaqGS
MDAI,NasdaqCM
MDB,NasdaqGM
MDCX,NasdaqCM
MDGL,NasdaqGS
MDIA,NasdaqCM
MDLN,NasdaqGS
MDRR,NasdaqCM
MDWD,NasdaqGM
MDXG,NasdaqCM
MDXH,NasdaqCM
MEGL,NasdaqCM
MEHA,NasdaqCM
MELI,NasdaqGS
MENS,NasdaqGM
MEOH,NasdaqGS
MESH,NasdaqGM
MESO,NasdaqGS
META,NasdaqGS
METC,NasdaqGS
METCB,NasdaqGS
MEVO,NasdaqGM
MFIN,NasdaqGS
MGEE,NasdaqGS
MGIC,NasdaqGS
MGNI,NasdaqGS
MGNX,NasdaqGS
MGPI,NasdaqGS
MGRC,NasdaqGS
MGRT,NasdaqCM
MGRX,NasdaqCM
MGX,NasdaqGS
MGYR,NasdaqGM
MIDD,NasdaqGS
MIGI,NasdaqCM
MIMI,NasdaqCM
MIND,NasdaqCM
MIRA,NasdaqCM
MIRM,NasdaqGM
MIST,NasdaqGS
MITK,NasdaqCM
MKDW,NasdaqCM
MKLY,NasdaqGM
MKSI,NasdaqGS
MKTW,NasdaqGM
MKZR,NasdaqCM
MLAB,NasdaqGS
MLAC,NasdaqGM
MLCI,NasdaqGM
MLCO,NasdaqGS
MLEC,NasdaqCM
MLGO,NasdaqCM
MLKN,NasdaqGS
MLTX,NasdaqCM
MLYS,NasdaqGS
MMLP,NasdaqGS
MMSI,NasdaqGS
MMTX,NasdaqGM
MMYT,NasdaqGS
MNDO,NasdaqGM
MNDR,NasdaqCM
MNDY,NasdaqGS
MNKD,NasdaqGM
MNOV,NasdaqGM
MNPR,NasdaqCM
MNRO,NasdaqGS
MNSB,NasdaqCM
MNSBP,NasdaqCM
MNST,NasdaqGS
MNTK,NasdaqCM
MNTS,NasdaqCM
MNY,NasdaqGM
MOB,NasdaqCM
MOBX,NasdaqCM
MODD,NasdaqCM
MOLN,NasdaqGS
MOMO,NasdaqGS
MORN,NasdaqGS
MOVE,NasdaqCM
MPAA,NasdaqGS
MPB,NasdaqGM
MPLT,NasdaqGS
MPWR,NasdaqGS
MQ,NasdaqGS
MRAM,NasdaqGM
MRBK,NasdaqGS
MRCY,NasdaqGS
MREO,NasdaqCM
MRKR,NasdaqCM
MRM,NasdaqCM
MRNA,NasdaqGS
MRNO,NasdaqCM
MRTN,NasdaqGS
MRVL,NasdaqGS
MRX,NasdaqGS
MSBI,NasdaqGS
MSEX,NasdaqGS
MSFT,NasdaqGS
MSGM,NasdaqCM
MSGY,NasdaqCM
MSLE,NasdaqGM
MSS,NasdaqCM
MSTR,NasdaqGS
MTC,NasdaqCM
MTCH,NasdaqGS
MTEK,NasdaqCM
MTEX,NasdaqCM
MTLS,NasdaqGS
MTRX,NasdaqGS
MTVA,NasdaqCM
MU,NasdaqGS
MVBF,NasdaqCM
MVIS,NasdaqGM
MWH,NasdaqGS
MXCT,NasdaqGS
MXL,NasdaqGS
MYFW,NasdaqGS
MYGN,NasdaqGS
MYNZ,NasdaqCM
MYPS,NasdaqGM
MYRG,NasdaqGS
MYSE,NasdaqCM
MYSZ,NasdaqCM
MZTI,NasdaqGS
NA,NasdaqGM
NAAS,NasdaqCM
NAGE,NasdaqCM
NAKA,NasdaqGM
NAMI,NasdaqCM
NAMM,NasdaqGM
NAMS,NasdaqGM
NATH,NasdaqGS
NATR,NasdaqCM
NAUT,NasdaqCM
NAVI,NasdaqGS
NAVN,NasdaqGS
NB,NasdaqGM
NBBK,NasdaqCM
NBIS,NasdaqGS
NBIX,NasdaqGS
NBN,NasdaqGM
NBP,NasdaqGM
NBTB,NasdaqGS
NBTX,NasdaqGS
NCEL,NasdaqCM
NCEW,NasdaqCM
NCMI,NasdaqGS
NCNA,NasdaqCM
NCNO,NasdaqGS
NCPL,NasdaqCM
NCRA,NasdaqCM
NCT,NasdaqCM
NCTY,NasdaqCM
NDAQ,NasdaqGS
NDLS,NasdaqGS
NDRA,NasdaqCM
NDSN,NasdaqGS
NECB,NasdaqCM
NEGG,NasdaqCM
NEO,NasdaqCM
NEOG,NasdaqGS
NEON,NasdaqCM
NEOV,NasdaqCM
NEPH,NasdaqCM
NERV,NasdaqCM
NESR,NasdaqCM
NEUP,NasdaqGM
NEWT,NasdaqGM
NEXM,NasdaqCM
NEXT,NasdaqCM
NFBK,NasdaqGS
NFE,NasdaqGS
NFLX,NasdaqGS
NGEN,NasdaqCM
NGNE,NasdaqGM
NHIC,NasdaqGM
NHTC,NasdaqCM
NICE,NasdaqGS
NIPG,NasdaqGM
NITO,NasdaqCM
NIU,NasdaqGM
NIVF,NasdaqCM
NIXX,NasdaqCM
NKLR,NasdaqGM
NKSH,NasdaqCM
NKTR,NasdaqCM
NKTX,NasdaqGS
NMFC,NasdaqGS
NMP,NasdaqGM
NMRA,NasdaqGS
NMRK,NasdaqGS
NMTC,NasdaqCM
NN,NasdaqCM
NNBR,NasdaqGS
NNDM,NasdaqCM
NNE,NasdaqCM
NNNN,NasdaqGM
NNOX,NasdaqGM
NOEM,NasdaqGM
NOMA,NasdaqCM
NOTV,NasdaqCM
NOVT,NasdaqGS
NPAC,NasdaqGM
NPCE,NasdaqGM
NPT,NasdaqCM
NRC,NasdaqGS
NRDS,NasdaqGM
NRIM,NasdaqGS
NRIX,NasdaqGM
NRSN,NasdaqCM
NRXP,NasdaqCM
NSIT,NasdaqGS
NSPR,NasdaqCM
NSSC,NasdaqGS
NSTS,NasdaqCM
NSYS,NasdaqCM
NTAP,NasdaqGS
NTCL,NasdaqCM
NTCT,NasdaqGS
NTES,NasdaqGS
NTGR,NasdaqGS
NTLA,NasdaqGM
NTNX,NasdaqGS
NTRA,NasdaqGS
NTRB,NasdaqCM
NTRP,NasdaqCM
NTSK,NasdaqGS
NTWK,NasdaqCM
NTWO,NasdaqGM
NUAI,NasdaqGM
NUTR,NasdaqCM
NUTX,NasdaqCM
NUVL,NasdaqGS
NUWE,NasdaqCM
NVA,NasdaqCM
NVAX,NasdaqGS
NVCR,NasdaqGS
NVCT,NasdaqCM
NVDA,NasdaqGS
NVEC,NasdaqCM
NVMI,NasdaqGS
NVNI,NasdaqCM
NVNO,NasdaqCM
NVTS,NasdaqGM
NVVE,NasdaqCM
NVX,NasdaqGM
NWBI,NasdaqGS
NWE,NasdaqGS
NWFL,NasdaqGM
NWGL,NasdaqCM
NWL,NasdaqGS
NWPX,NasdaqGS
NWS,NasdaqGS
NWSA,NasdaqGS
NWTG,NasdaqCM
NXGL,NasdaqCM
NXL,NasdaqCM
NXPI,NasdaqGS
NXPL,NasdaqCM
NXST,NasdaqGS
NXT,NasdaqGS
NXTC,NasdaqGS
NXTT,NasdaqCM
NXXT,NasdaqCM
NYAX,NasdaqGS
NYXH,NasdaqGM
OABI,NasdaqGM
OACC,NasdaqGM
OAKU,NasdaqCM
OBA,NasdaqGM
OBT,NasdaqCM
OCC,NasdaqGM
OCFC,NasdaqGS
OCG,NasdaqCM
OCGN,NasdaqCM
OCS,NasdaqGM
OCUL,NasdaqGM
ODD,NasdaqGM
ODFL,NasdaqGS
ODYS,NasdaqCM
OESX,NasdaqCM
OFAL,NasdaqCM
OFIX,NasdaqGS
OFLX,NasdaqGM
OGI,NasdaqGS
OKTA,NasdaqGS
OKUR,NasdaqGM
OKYO,NasdaqCM
OLB,NasdaqCM
OLED,NasdaqGS
OLMA,NasdaqGS
OLOX,NasdaqCM
OM,NasdaqGS
OMCL,NasdaqGS
OMDA,NasdaqGS
OMER,NasdaqGM
OMEX,NasdaqCM
OMH,NasdaqCM
OMSE,NasdaqCM
ON,NasdaqGS
ONB,NasdaqGS
ONC,NasdaqGS
ONCH,NasdaqGM
ONCO,NasdaqCM
ONCY,NasdaqCM
ONDS,NasdaqCM
ONEG,NasdaqCM
ONEW,NasdaqGM
ONMD,NasdaqCM
OPAL,NasdaqCM
OPBK,NasdaqGM
OPCH,NasdaqGS
OPEN,NasdaqGS
OPK,NasdaqGS
OPRA,NasdaqGS
OPRT,NasdaqGS
OPRX,NasdaqCM
ORGN,NasdaqCM
ORIC,NasdaqGS
ORIO,NasdaqCM
ORIQ,NasdaqGM
ORKA,NasdaqGM
ORKT,NasdaqCM
ORLY,NasdaqGS
ORMP,NasdaqCM
ORRF,NasdaqCM
OS,NasdaqGS
OSBC,NasdaqGS
OSIS,NasdaqGS
OSPN,NasdaqCM
OSS,NasdaqCM
OST,NasdaqCM
OSUR,NasdaqGS
OTEX,NasdaqGS
OTGA,NasdaqGM
OTLK,NasdaqCM
OTLY,NasdaqGS
OTTR,NasdaqGS
OUST,NasdaqGS
OUSTZ,NasdaqCM
OVBC,NasdaqGM
OVID,NasdaqCM
OVLY,NasdaqCM
OYSE,NasdaqGM
OZK,NasdaqGS
PAA,NasdaqGS
PACB,NasdaqGS
PACH,NasdaqGM
PAHC,NasdaqGM
PAL,NasdaqGS
PALI,NasdaqCM
PAMT,NasdaqGM
PANL,NasdaqCM
PANW,NasdaqGS
PARK,NasdaqCM
PASG,NasdaqCM
PASW,NasdaqCM
PATK,NasdaqGS
PAVM,NasdaqCM
PAVS,NasdaqCM
PAX,NasdaqGS
PAYO,NasdaqGM
PAYS,NasdaqCM
PAYX,NasdaqGS
PBFS,NasdaqCM
PBHC,NasdaqCM
PBM,NasdaqCM
PBYI,NasdaqGS
PCAP,NasdaqGM
PCAR,NasdaqGS
PCB,NasdaqGS
PCLA,NasdaqCM
PCRX,NasdaqGS
PCSA,NasdaqCM
PCSC,NasdaqGM
PCT,NasdaqCM
PCTY,NasdaqGS
PCVX,NasdaqGS
PCYO,NasdaqCM
PDC,NasdaqCM
PDEX,NasdaqCM
PDFS,NasdaqGS
PDLB,NasdaqGM
PDSB,NasdaqCM
PDYN,NasdaqGM
PEBK,NasdaqGM
PEBO,NasdaqGS
PECO,NasdaqGS
PEGA,NasdaqGS
PELI,NasdaqGM
PENG,NasdaqGS
PENN,NasdaqGS
PEP,NasdaqGS
PEPG,NasdaqGS
PERI,NasdaqGS
PESI,NasdaqCM
PETS,NasdaqGS
PFAI,NasdaqCM
PFG,NasdaqGS
PFIS,NasdaqGS
PFSA,NasdaqGM
PFX,NasdaqGM
PGAC,NasdaqGM
PGC,NasdaqGS
PGEN,NasdaqGS
PGNY,NasdaqGS
PGY,NasdaqCM
PHAR,NasdaqGM
PHAT,NasdaqGS
PHIO,NasdaqCM
PHUN,NasdaqCM
PHVS,NasdaqGS
PI,NasdaqGS
PICS,NasdaqGS
PIII,NasdaqCM
PKBK,NasdaqCM
PLAB,NasdaqGS
PLAY,NasdaqGS
PLBC,NasdaqCM
PLBL,NasdaqGM
PLBY,NasdaqGM
PLCE,NasdaqGS
PLMK,NasdaqGM
PLPC,NasdaqGS
PLRX,NasdaqGS
PLRZ,NasdaqCM
PLSE,NasdaqCM
PLSM,NasdaqCM
PLTK,NasdaqGS
PLTR,NasdaqGS
PLTS,NasdaqCM
PLUG,NasdaqCM
PLUR,NasdaqCM
PLUS,NasdaqGS
PLUT,NasdaqCM
PLXS,NasdaqGS
PLYX,NasdaqCM
PMAX,NasdaqCM
PMCB,NasdaqCM
PMN,NasdaqCM
PMTR,NasdaqGM
PMTS,NasdaqGM
PMVP,NasdaqGS
PN,NasdaqCM
PNBK,NasdaqGM
PNRG,NasdaqCM
PNTG,NasdaqGS
POCI,NasdaqCM
PODC,NasdaqCM
PODD,NasdaqGS
POET,NasdaqCM
POLA,NasdaqCM
POLE,NasdaqGM
POM,NasdaqGM
PONY,NasdaqGS
POOL,NasdaqGS
POWI,NasdaqGS
POWL,NasdaqGS
POWW,NasdaqCM
PPBT,NasdaqCM
PPC,NasdaqGS
PPCB,NasdaqCM
PPHC,NasdaqGM
PPSI,NasdaqCM
PPTA,NasdaqCM
PRAA,NasdaqGS
PRAX,NasdaqGS
PRCH,NasdaqCM
PRCT,NasdaqGM
PRDO,NasdaqGS
PRE,NasdaqGM
PRFX,NasdaqCM
PRGS,NasdaqGS
PRLD,NasdaqGS
PRME,NasdaqGM
PROF,NasdaqCM
PROK,NasdaqCM
PROP,NasdaqCM
PRPL,NasdaqGS
PRPO,NasdaqCM
PRQR,NasdaqCM
PRSO,NasdaqCM
PRTA,NasdaqGS
PRTC,NasdaqGM
PRTS,NasdaqCM
PRVA,NasdaqGS
PRZO,NasdaqCM
PSHG,NasdaqCM
PSKY,NasdaqGS
PSMT,NasdaqGS
PSNL,NasdaqGM
PSNY,NasdaqGM
PSTV,NasdaqCM
PTC,NasdaqGS
PTCT,NasdaqGS
PTEN,NasdaqGS
PTGX,NasdaqGM
PTLE,NasdaqCM
PTLO,NasdaqGS
PTNM,NasdaqCM
PTON,NasdaqGS
PUBM,NasdaqGM
PULM,NasdaqCM
PURR,NasdaqCM
PVLA,NasdaqCM
PWP,NasdaqGS
PXLW,NasdaqCM
PXS,NasdaqCM
PYPD,NasdaqCM
PYXS,NasdaqGS
QCLS,NasdaqCM
QCOM,NasdaqGS
QDEL,NasdaqGS
QETA,NasdaqGM
QH,NasdaqGM
QIPT,NasdaqCM
QLYS,NasdaqGS
QMCO,NasdaqGM
QNCX,NasdaqGS
QNRX,NasdaqCM
QNST,NasdaqGS
QNTM,NasdaqCM
QRHC,NasdaqCM
QRVO,NasdaqGS
QS,NasdaqGS
QSEA,NasdaqGM
QSI,NasdaqGM
QTRX,NasdaqGM
QTTB,NasdaqCM
QUBT,NasdaqCM
QUIK,NasdaqCM
QUMS,NasdaqGM
QURE,NasdaqGS
RAAQ,NasdaqGM
RADX,NasdaqCM
RAIL,NasdaqGS
RAIN,NasdaqCM
RANG,NasdaqGM
RAPP,NasdaqGM
RAPT,NasdaqGM
RARE,NasdaqGS
RAVE,NasdaqCM
RAY,NasdaqCM
RAYA,NasdaqCM
RBB,NasdaqGS
RBBN,NasdaqGS
RBCAA,NasdaqGS
RBKB,NasdaqCM
RBNE,NasdaqCM
RCEL,NasdaqCM
RCKT,NasdaqGM
RCKY,NasdaqGS
RCMT,NasdaqGM
RCON,NasdaqCM
RDAC,NasdaqCM
RDAG,NasdaqGM
RDCM,NasdaqCM
RDGT,NasdaqCM
RDHL,NasdaqCM
RDNT,NasdaqGM
RDNW,NasdaqCM
RDVT,NasdaqCM
RDWR,NasdaqGS
RDZN,NasdaqGM
REAL,NasdaqGS
REAX,NasdaqCM
REBN,NasdaqCM
REE,NasdaqCM
REFI,NasdaqGM
REFR,NasdaqCM
REG,NasdaqGS
REGN,NasdaqGS
REKR,NasdaqCM
RELL,NasdaqGS
RELY,NasdaqGS
RENT,NasdaqGM
RENX,NasdaqCM
REPL,NasdaqGS
RETO,NasdaqCM
REVB,NasdaqCM
REYN,NasdaqGS
RFAI,NasdaqGM
RFIL,NasdaqGM
RGCO,NasdaqGM
RGEN,NasdaqGS
RGLD,NasdaqGS
RGNX,NasdaqGS
RGP,NasdaqGS
RGS,NasdaqGM
RGTI,NasdaqCM
RIBB,NasdaqCM
RIGL,NasdaqGS
RIOT,NasdaqCM
RIVN,NasdaqGS
RKDA,NasdaqCM
RKLB,NasdaqCM
RLAY,NasdaqGM
RLMD,NasdaqCM
RLYB,NasdaqCM
RMBI,NasdaqCM
RMBS,NasdaqGS
RMCF,NasdaqCM
RMCO,NasdaqCM
RMNI,NasdaqGM
RMR,NasdaqCM
RMSG,NasdaqCM
RMTI,NasdaqCM
RNA,NasdaqGM
RNAC,NasdaqGM
RNAZ,NasdaqCM
RNGT,NasdaqGM
RNTX,NasdaqCM
RNW,NasdaqGS
RNXT,NasdaqCM
ROAD,NasdaqGS
ROC,NasdaqCM
ROCK,NasdaqGS
ROIV,NasdaqGS
ROKU,NasdaqGS
ROMA,NasdaqCM
ROOT,NasdaqGS
ROP,NasdaqGS
ROST,NasdaqGS
RPD,NasdaqGM
RPGL,NasdaqCM
RPID,NasdaqCM
RPRX,NasdaqGS
RR,NasdaqCM
RRBI,NasdaqGS
RRGB,NasdaqGS
RRR,NasdaqGS
RSSS,NasdaqCM
RSVR,NasdaqGM
RTAC,NasdaqGM
RUBI,NasdaqCM
RUM,NasdaqGM
RUN,NasdaqGS
RUSHA,NasdaqGS
RUSHB,NasdaqGS
RVMD,NasdaqGS
RVSB,NasdaqGS
RVSN,NasdaqCM
RVYL,NasdaqCM
RWAY,NasdaqGS
RXRX,NasdaqGS
RXST,NasdaqGM
RXT,NasdaqGS
RYET,NasdaqCM
RYM,NasdaqCM
RYOJ,NasdaqCM
RYTM,NasdaqGM
RZLT,NasdaqCM
RZLV,NasdaqGM
SABR,NasdaqGS
SABS,NasdaqCM
SAFT,NasdaqGS
SAFX,NasdaqCM
SAGT,NasdaqCM
SAIA,NasdaqGS
SAIH,NasdaqCM
SAIL,NasdaqGS
SAMG,NasdaqGM
SANA,NasdaqGS
SANG,NasdaqGS
SANM,NasdaqGS
SATL,NasdaqCM
SATS,NasdaqGS
SAVA,NasdaqCM
SBAC,NasdaqGS
SBCF,NasdaqGS
SBET,NasdaqCM
SBFG,NasdaqCM
SBFM,NasdaqCM
SBGI,NasdaqGS
SBLK,NasdaqGS
SBLX,NasdaqCM
SBRA,NasdaqGS
SBUX,NasdaqGS
SCAG,NasdaqGM
SCHL,NasdaqGS
SCII,NasdaqGM
SCKT,NasdaqCM
SCLX,NasdaqCM
SCNI,NasdaqCM
SCOR,NasdaqGS
SCPQ,NasdaqGM
SCSC,NasdaqGS
SCVL,NasdaqGS
SCWO,NasdaqCM
SCYX,NasdaqCM
SCZM,NasdaqCM
SDA,NasdaqCM
SDGR,NasdaqGS
SDHI,NasdaqGM
SDM,NasdaqCM
SDOT,NasdaqCM
SDST,NasdaqCM
SEAT,NasdaqGS
SEDG,NasdaqGS
SEED,NasdaqCM
SEER,NasdaqGS
SEGG,NasdaqGM
SEIC,NasdaqGS
SELF,NasdaqCM
SENEA,NasdaqGS
SENEB,NasdaqGS
SEPN,NasdaqGM
SERA,NasdaqGM
SERV,NasdaqCM
SEV,NasdaqCM
SEZL,NasdaqCM
SFBC,NasdaqCM
SFD,NasdaqGS
SFIX,NasdaqGS
SFM,NasdaqGS
SFNC,NasdaqGS
SFST,NasdaqGM
SFWL,NasdaqCM
SGA,NasdaqGM
SGC,NasdaqGM
SGHT,NasdaqGS
SGLY,NasdaqCM
SGML,NasdaqCM
SGMO,NasdaqCM
SGP,NasdaqGS
SGRP,NasdaqCM
SGRY,NasdaqGS
SHBI,NasdaqGS
SHC,NasdaqGS
SHEN,NasdaqGS
SHIM,NasdaqCM
SHLS,NasdaqGM
SHMD,NasdaqGM
SHOO,NasdaqGS
SHOP,NasdaqGS
SIBN,NasdaqGM
SIDU,NasdaqCM
SIEB,NasdaqCM
SIFY,NasdaqCM
SIGA,NasdaqGM
SIGI,NasdaqGS
SILC,NasdaqGS
SILO,NasdaqCM
SIMA,NasdaqGM
SIMO,NasdaqGS
SINT,NasdaqCM
SION,NasdaqGM
SITM,NasdaqGM
SJ,NasdaqCM
SKBL,NasdaqCM
SKIN,NasdaqCM
SKWD,NasdaqGS
SKYE,NasdaqGM
SKYQ,NasdaqCM
SKYT,NasdaqCM
SKYW,NasdaqGS
SKYX,NasdaqCM
SLAB,NasdaqGS
SLDB,NasdaqGS
SLDP,NasdaqGS
SLE,NasdaqCM
SLGB,NasdaqCM
SLGL,NasdaqCM
SLM,NasdaqGS
SLN,NasdaqGM
SLNG,NasdaqCM
SLNO,NasdaqCM
SLP,NasdaqGS
SLS,NasdaqCM
SLSN,NasdaqCM
SLXN,NasdaqCM
SMBC,NasdaqGM
SMCI,NasdaqGS
SMID,NasdaqCM
SMMT,NasdaqGM
SMPL,NasdaqCM
SMSI,NasdaqCM
SMTC,NasdaqGS
SMTI,NasdaqCM
SMTK,NasdaqCM
SMX,NasdaqCM
SMXT,NasdaqCM
SNAL,NasdaqCM
SNBR,NasdaqGS
SND,NasdaqGS
SNDK,NasdaqGS
SNDL,NasdaqCM
SNDX,NasdaqGS
SNES,NasdaqCM
SNEX,NasdaqGS
SNFCA,NasdaqGM
SNGX,NasdaqCM
SNOA,NasdaqCM
SNPS,NasdaqGS
SNSE,NasdaqCM
SNT,NasdaqGM
SNTI,NasdaqCM
SNWV,NasdaqGM
SNY,NasdaqGS
SNYR,NasdaqCM
SOBR,NasdaqCM
SOCA,NasdaqGM
SOFI,NasdaqGS
SOGP,NasdaqCM
SOHU,NasdaqGS
SOLS,NasdaqGS
SONM,NasdaqCM
SONO,NasdaqGS
SOPA,NasdaqCM
SOPH,NasdaqGS
SORA,NasdaqCM
SOTK,NasdaqCM
SOUN,NasdaqGM
SOWG,NasdaqCM
SPAI,NasdaqCM
SPCB,NasdaqCM
SPEG,NasdaqGM
SPFI,NasdaqGS
SPKL,NasdaqGM
SPPL,NasdaqCM
SPRB,NasdaqCM
SPRC,NasdaqCM
SPRO,NasdaqGS
SPRY,NasdaqGM
SPSC,NasdaqGS
SPT,NasdaqCM
SPWR,NasdaqGM
SRAD,NasdaqGS
SRBK,NasdaqCM
SRCE,NasdaqGS
SRPT,NasdaqGS
SRRK,NasdaqGS
SRTA,NasdaqCM
SRTS,NasdaqCM
SRZN,NasdaqCM
SSBI,NasdaqGM
SSEA,NasdaqCM
SSM,NasdaqCM
SSP,NasdaqGS
SSRM,NasdaqGS
SSTI,NasdaqCM
SSYS,NasdaqGS
STAA,NasdaqGM
STAK,NasdaqCM
STBA,NasdaqGS
STEP,NasdaqGS
STEX,NasdaqCM
STGW,NasdaqGS
STI,NasdaqCM
STIM,NasdaqGM
STKE,NasdaqGS
STKH,NasdaqCM
STKL,NasdaqGS
STKS,NasdaqCM
STLD,NasdaqGS
STNE,NasdaqGS
STOK,NasdaqGS
STRA,NasdaqGS
STRL,NasdaqGS
STRO,NasdaqGM
STRS,NasdaqGS
STRT,NasdaqGM
STRZ,NasdaqGS
STSS,NasdaqCM
STTK,NasdaqGS
SUNE,NasdaqCM
SUPN,NasdaqGM
SUPX,NasdaqCM
SURG,NasdaqCM
SUUN,NasdaqGM
SVA,NasdaqGS
SVAC,NasdaqGM
SVAQ,NasdaqGM
SVCC,NasdaqGM
SVCO,NasdaqGS
SVRA,NasdaqGS
SVRE,NasdaqCM
SVRN,NasdaqCM
SWAG,NasdaqCM
SWBI,NasdaqGS
SWIM,NasdaqGS
SWKS,NasdaqGS
SXTC,NasdaqCM
SXTP,NasdaqCM
SYBT,NasdaqGS
SYM,NasdaqGM
SYNA,NasdaqGS
SYPR,NasdaqGM
SYRE,NasdaqGS
SZZL,NasdaqGM
TACH,NasdaqGM
TACO,NasdaqGM
TACT,NasdaqGM
TALK,NasdaqCM
TAOP,NasdaqCM
TAOX,NasdaqCM
TARA,NasdaqGM
TARS,NasdaqGS
TASK,NasdaqGS
TATT,NasdaqGM
TAVI,NasdaqGM
TAYD,NasdaqCM
TBBK,NasdaqGS
TBCH,NasdaqGM
TBHC,NasdaqGS
TBLA,NasdaqGS
TBMC,NasdaqGM
TBPH,NasdaqGM
TBRG,NasdaqGS
TC,NasdaqCM
TCBI,NasdaqGS
TCBK,NasdaqGS
TCBS,NasdaqCM
TCMD,NasdaqGM
TCOM,NasdaqGS
TCRT,NasdaqCM
TCRX,NasdaqGM
TCX,NasdaqCM
TDAC,NasdaqGM
TDIC,NasdaqCM
TDUP,NasdaqGS
TDWD,NasdaqGM
TEAD,NasdaqGS
TEAM,NasdaqGS
TECH,NasdaqGS
TECX,NasdaqGM
TELA,NasdaqGM
TELO,NasdaqCM
TEM,NasdaqGS
TENX,NasdaqCM
TER,NasdaqGS
TERN,NasdaqGS
TFSL,NasdaqGS
TGHL,NasdaqCM
TGL,NasdaqCM
TGTX,NasdaqCM
TH,NasdaqCM
THFF,NasdaqGS
THRM,NasdaqGS
TIGR,NasdaqGS
TIL,NasdaqCM
TILE,NasdaqGS
TIPT,NasdaqCM
TITN,NasdaqGS
TIVC,NasdaqCM
TJGC,NasdaqCM
TKLF,NasdaqCM
TKNO,NasdaqGM
TLF,NasdaqCM
TLN,NasdaqGS
TLNC,NasdaqGM
TLPH,NasdaqCM
TLRY,NasdaqGS
TLS,NasdaqGM
TLSA,NasdaqCM
TLSI,NasdaqGM
TLX,NasdaqGS
TMC,NasdaqGS
TMCI,NasdaqGS
TMDX,NasdaqGM
TMUS,NasdaqGS
TNDM,NasdaqGM
TNGX,NasdaqGM
TNMG,NasdaqCM
TNON,NasdaqCM
TNXP,NasdaqCM
TNYA,NasdaqGS
TOI,NasdaqCM
TOMZ,NasdaqCM
TONX,NasdaqCM
TOP,NasdaqCM
TORO,NasdaqCM
TOUR,NasdaqCM
TOWN,NasdaqGS
TOYO,NasdaqCM
TPCS,NasdaqCM
TPG,NasdaqGS
TPST,NasdaqCM
TRAW,NasdaqCM
TRDA,NasdaqGM
TREE,NasdaqGS
TRI,NasdaqGS
TRIB,NasdaqGS
TRIN,NasdaqGS
TRIP,NasdaqGS
TRMB,NasdaqGS
TRMD,NasdaqGS
TRMK,NasdaqGS
TRNR,NasdaqCM
TRNS,NasdaqGM
TRON,NasdaqCM
TROO,NasdaqCM
TROW,NasdaqGS
TRS,NasdaqGS
TRSG,NasdaqCM
TRST,NasdaqGS
TRUP,NasdaqGM
TRVG,NasdaqGS
TRVI,NasdaqGM
TSAT,NasdaqGS
TSBK,NasdaqGM
TSCO,NasdaqGS
TSEM,NasdaqGS
TSHA,NasdaqGS
TSLA,NasdaqGS
TSSI,NasdaqCM
TTAN,NasdaqGS
TTD,NasdaqGM
TTEK,NasdaqGS
TTGT,NasdaqGS
TTMI,NasdaqGS
TTRX,NasdaqGM
TTWO,NasdaqGS
TURB,NasdaqCM
TUSK,NasdaqGS
TVA,NasdaqGM
TVAI,NasdaqGM
TVRD,NasdaqCM
TVTX,NasdaqGM
TW,NasdaqGS
TWAV,NasdaqCM
TWFG,NasdaqGS
TWG,NasdaqCM
TWIN,NasdaqGS
TWLV,NasdaqGM
TWST,NasdaqGS
TXG,NasdaqGS
TXMD,NasdaqGS
TXN,NasdaqGS
TXRH,NasdaqGS
TYGO,NasdaqCM
TYRA,NasdaqGS
TZOO,NasdaqGS
UBCP,NasdaqCM
UBFO,NasdaqGS
UBSI,NasdaqGS
UBXG,NasdaqCM
UCAR,NasdaqCM
UCFI,NasdaqCM
UCL,NasdaqGM
UDMY,NasdaqGS
UEIC,NasdaqGS
UFCS,NasdaqGS
UFPI,NasdaqGS
UFPT,NasdaqCM
UG,NasdaqGM
UGRO,NasdaqCM
UHG,NasdaqGM
ULBI,NasdaqGM
ULTA,NasdaqGS
ULY,NasdaqCM
UMBF,NasdaqGS
UNB,NasdaqGM
UNCY,NasdaqCM
UNIT,NasdaqGS
UNTY,NasdaqGM
UOKA,NasdaqCM
UONE,NasdaqCM
UONEK,NasdaqCM
UPB,NasdaqGS
UPBD,NasdaqGS
UPC,NasdaqCM
UPLD,NasdaqGM
UPWK,NasdaqGS
UPXI,NasdaqCM
URBN,NasdaqGS
URGN,NasdaqGM
UROY,NasdaqCM
USAR,NasdaqGM
USAU,NasdaqCM
USEA,NasdaqCM
USEG,NasdaqCM
USGO,NasdaqCM
USIO,NasdaqGM
USLM,NasdaqGS
UTHR,NasdaqGS
UTMD,NasdaqGS
UVSP,NasdaqGS
UXIN,NasdaqGS
UYSC,NasdaqCM
VABK,NasdaqCM
VACH,NasdaqGM
VALN,NasdaqGS
VALU,NasdaqCM
VANI,NasdaqCM
VBIX,NasdaqCM
VBNK,NasdaqGS
VC,NasdaqGS
VCEL,NasdaqGM
VCIC,NasdaqGM
VCIG,NasdaqCM
VCYT,NasdaqGM
VECO,NasdaqGS
VEEA,NasdaqGM
VEEE,NasdaqCM
VELO,NasdaqCM
VEON,NasdaqGS
VERA,NasdaqGM
VERI,NasdaqGM
VERU,NasdaqCM
VERX,NasdaqGM
VFS,NasdaqGS
VGAS,NasdaqCM
VHC,NasdaqCM
VHCP,NasdaqGM
VHUB,NasdaqGM
VIAV,NasdaqGS
VICR,NasdaqGS
VINP,NasdaqGS
VIOT,NasdaqGS
VIR,NasdaqGS
VIRC,NasdaqGM
VISN,NasdaqGS
VITL,NasdaqGM
VIVS,NasdaqCM
VKTX,NasdaqCM
VLGEA,NasdaqGS
VLY,NasdaqGS
VMAR,NasdaqCM
VMD,NasdaqCM
VNCE,NasdaqCM
VNDA,NasdaqGM
VNET,NasdaqGS
VNME,NasdaqGM
VNOM,NasdaqGS
VOD,NasdaqGS
VOR,NasdaqGS
VOXR,NasdaqCM
VRA,NasdaqGS
VRAX,NasdaqCM
VRCA,NasdaqCM
VRDN,NasdaqCM
VREX,NasdaqGS
VRM,NasdaqGM
VRME,NasdaqCM
VRNS,NasdaqGS
VRRM,NasdaqCM
VRSK,NasdaqGS
VRSN,NasdaqGS
VRTX,NasdaqGS
VS,NasdaqCM
VSA,NasdaqCM
VSAT,NasdaqGS
VSEC,NasdaqGS
VSEE,NasdaqCM
VSNT,NasdaqGS
VSTD,NasdaqCM
VSTM,NasdaqCM
VTGN,NasdaqCM
VTRS,NasdaqGS
VTSI,NasdaqCM
VTVT,NasdaqCM
VTYX,NasdaqGS
VUZI,NasdaqCM
VVOS,NasdaqCM
VYGR,NasdaqGS
VYNE,NasdaqCM
WABC,NasdaqGS
WAFD,NasdaqGS
WAFDP,NasdaqGS
WAFU,NasdaqCM
WAI,NasdaqCM
WALD,NasdaqCM
WATT,NasdaqCM
WAVE,NasdaqCM
WAY,NasdaqGS
WB,NasdaqGS
WBTN,NasdaqGS
WBUY,NasdaqCM
WDAY,NasdaqGS
WDC,NasdaqGS
WDFC,NasdaqGS
WEN,NasdaqGS
WENN,NasdaqGM
WERN,NasdaqGS
WEST,NasdaqGM
WETH,NasdaqCM
WEYS,NasdaqGS
WFCF,NasdaqCM
WFF,NasdaqCM
WGRX,NasdaqCM
WHWK,NasdaqCM
WIMI,NasdaqGM
WINA,NasdaqGM
WING,NasdaqGS
WIX,NasdaqGS
WKHS,NasdaqCM
WKSP,NasdaqCM
WLAC,NasdaqGM
WLDN,NasdaqGM
WLDS,NasdaqCM
WLFC,NasdaqGM
WLTH,NasdaqGS
WMG,NasdaqGS
WMT,NasdaqGS
WNEB,NasdaqGS
WNW,NasdaqCM
WOK,NasdaqCM
WOOF,NasdaqGS
WORX,NasdaqCM
WPRT,NasdaqGS
WRAP,NasdaqCM
WRD,NasdaqGM
WRLD,NasdaqGS
WSBC,NasdaqGS
WSBF,NasdaqGS
WSBK,NasdaqCM
WSFS,NasdaqGS
WSTN,NasdaqCM
WTBA,NasdaqGS
WTF,NasdaqCM
WTFC,NasdaqGS
WTG,NasdaqCM
WTO,NasdaqCM
WTW,NasdaqGS
WULF,NasdaqCM
WVE,NasdaqGM
WVVI,NasdaqCM
WWD,NasdaqGS
WYFI,NasdaqCM
WYNN,NasdaqGS
XAIR,NasdaqCM
XBIO,NasdaqCM
XBIT,NasdaqGS
XCH,NasdaqGM
XCUR,NasdaqCM
XEL,NasdaqGS
XELB,NasdaqCM
XENE,NasdaqGM
XFOR,NasdaqCM
XGN,NasdaqGM
XHG,NasdaqCM
XLO,NasdaqCM
XMTR,NasdaqGS
XNCR,NasdaqGM
XNET,NasdaqGS
XOMA,NasdaqGM
XOS,NasdaqCM
XP,NasdaqGS
XPEL,NasdaqCM
XPON,NasdaqCM
XRAY,NasdaqGS
XRPN,NasdaqGM
XRTX,NasdaqCM
XTIA,NasdaqCM
XTLB,NasdaqCM
XWEL,NasdaqCM
XWIN,NasdaqCM
XXII,NasdaqCM
YAAS,NasdaqCM
YB,NasdaqGM
YDDL,NasdaqCM
YDES,NasdaqGM
YDKG,NasdaqCM
YHC,NasdaqCM
YHGJ,NasdaqCM
YHNA,NasdaqGM
YI,NasdaqGM
YJ,NasdaqCM
YMAT,NasdaqCM
YMT,NasdaqGM
YORW,NasdaqGS
YOUL,NasdaqCM
YQ,NasdaqGS
YSXT,NasdaqCM
YTRA,NasdaqCM
YXT,NasdaqGM
YYAI,NasdaqCM
YYGH,NasdaqCM
Z,NasdaqGS
ZBAO,NasdaqCM
ZBIO,NasdaqGS
ZBRA,NasdaqGS
ZCMD,NasdaqCM
ZD,NasdaqGS
ZDAI,NasdaqCM
ZENA,NasdaqCM
ZENV,NasdaqCM
ZEO,NasdaqCM
ZG,NasdaqGS
ZGM,NasdaqCM
ZION,NasdaqGS
ZJK,NasdaqCM
ZKP,NasdaqGM
ZLAB,NasdaqGM
ZM,NasdaqGS
ZNB,NasdaqCM
ZNTL,NasdaqGM
ZOOZ,NasdaqCM
ZS,NasdaqGS
ZSPC,NasdaqCM
ZSTK,NasdaqCM
ZTEK,NasdaqCM
ZUMZ,NasdaqGS
ZURA,NasdaqCM
ZVRA,NasdaqGS
ZYBT,NasdaqCM
ZYME,NasdaqGS
A,NYSE
AA,NYSE
AAMI,NYSE
AAP,NYSE
AAUC,NYSE
AB,NYSE
ABBV,NYSE
ABCB,NYSE
ABEV,NYSE
ABG,NYSE
ABM,NYSE
ABT,NYSE
ABX,NYSE
ACA,NYSE
ACCO,NYSE
ACEL,NYSE
ACH,NYSE
ACHR,NYSE
ACI,NYSE
ACM,NYSE
ACN,NYSE
ACR,NYSE
ACRE,NYSE
ACVA,NYSE
AD,NYSE
ADC,NYSE
ADCT,NYSE
ADM,NYSE
ADNT,NYSE
ADT,NYSE
AEE,NYSE
AEG,NYSE
AEM,NYSE
AEO,NYSE
AERO,NYSE
AES,NYSE
AESI,NYSE
AEXA,NYSE
AFG,NYSE
AFGB,NYSE
AFGC,NYSE
AFGD,NYSE
AFGE,NYSE
AFL,NYSE
AG,NYSE
AGBK,NYSE
AGCO,NYSE
AGI,NYSE
AGL,NYSE
AGM,NYSE
AGM.A,NYSE
AGO,NYSE
AGRO,NYSE
AGX,NYSE
AHH,NYSE
AHR,NYSE
AI,NYSE
AII,NYSE
AIIA,NYSE
AIR,NYSE
AIT,NYSE
AIV,NYSE
AIZ,NYSE
AJG,NYSE
AKA,NYSE
AKO.A,NYSE
AKO.B,NYSE
AL,NYSE
ALB,NYSE
ALC,NYSE
ALEX,NYSE
ALG,NYSE
ALIT,NYSE
ALK,NYSE
ALL,NYSE
ALL$B,NYSE
ALLE,NYSE
ALLY,NYSE
ALTG,NYSE
ALUB,NYSE
ALUR,NYSE
ALV,NYSE
ALX,NYSE
AM,NYSE
AMBP,NYSE
AMBQ,NYSE
AMCR,NYSE
AME,NYSE
AMG,NYSE
AMH,NYSE
AMN,NYSE
AMP,NYSE
AMPX,NYSE
AMPY,NYSE
AMR,NYSE
AMRC,NYSE
AMRZ,NYSE
AMT,NYSE
AMTB,NYSE
AMTD,NYSE
AMWL,NYSE
AN,NYSE
ANDG,NYSE
ANET,NYSE
ANF,NYSE
ANGX,NYSE
ANRO,NYSE
ANVS,NYSE
AOMR,NYSE
AON,NYSE
AORT,NYSE
AOS,NYSE
AP,NYSE
APAM,NYSE
APD,NYSE
APG,NYSE
APH,NYSE
APLE,NYSE
APO,NYSE
APTV,NYSE
AQN,NYSE
AR,NYSE
ARDT,NYSE
ARE,NYSE
ARES,NYSE
ARI,NYSE
ARIS,NYSE
ARL,NYSE
ARLO,NYSE
ARMK,NYSE
AROC,NYSE
ARR,NYSE
ARW,NYSE
AS,NYSE
ASA,NYSE
ASAN,NYSE
ASB,NYSE
ASC,NYSE
ASGN,NYSE
ASH,NYSE
ASIX,NYSE
ASPN,NYSE
ASR,NYSE
ASX,NYSE
ATEN,NYSE
ATGE,NYSE
ATHM,NYSE
ATHS,NYSE
ATI,NYSE
ATKR,NYSE
ATMU,NYSE
ATO,NYSE
ATR,NYSE
ATS,NYSE
AU,NYSE
AUB,NYSE
AUNA,NYSE
AVA,NYSE
AVB,NYSE
AVBC,NYSE
AVD,NYSE
AVNS,NYSE
AVNT,NYSE
AVTR,NYSE
AVY,NYSE
AWI,NYSE
AWK,NYSE
AWR,NYSE
AX,NYSE
AXIA,NYSE
AXP,NYSE
AXR,NYSE
AXTA,NYSE
AYI,NYSE
AZN,NYSE
AZO,NYSE
AZZ,NYSE
B,NYSE
BA,NYSE
BABA,NYSE
BAC,NYSE
BAC$E,NYSE
BAC$L,NYSE
BAH,NYSE
BAK,NYSE
BALL,NYSE
BALY,NYSE
BAM,NYSE
BANC,NYSE
BAP,NYSE
BARK,NYSE
BB,NYSE
BBAI,NYSE
BBAR,NYSE
BBBY,NYSE
BBD,NYSE
BBDC,NYSE
BBDO,NYSE
BBT,NYSE
BBU,NYSE
BBUC,NYSE
BBVA,NYSE
BBW,NYSE
BBWI,NYSE
BBY,NYSE
BC,NYSE
BCC,NYSE
BCE,NYSE
BCH,NYSE
BCO,NYSE
BCS,NYSE
BCSF,NYSE
BCSS,NYSE
BCX,NYSE
BDC,NYSE
BDX,NYSE
BE,NYSE
BEBE,NYSE
BEN,NYSE
BEP,NYSE
BEPC,NYSE
BETA,NYSE
BF.A,NYSE
BF.B,NYSE
BFAM,NYSE
BFLY,NYSE
BFS,NYSE
BG,NYSE
BGS,NYSE
BGSF,NYSE
BGSI,NYSE
BHC,NYSE
BHE,NYSE
BHP,NYSE
BHR,NYSE
BHVN,NYSE
BIII,NYSE
BIO,NYSE
BIO.B,NYSE
BIP,NYSE
BIPC,NYSE
BIRK,NYSE
BK,NYSE
BKD,NYSE
BKE,NYSE
BKH,NYSE
BKKT,NYSE
BKSY,NYSE
BKU,NYSE
BKV,NYSE
BLCO,NYSE
BLD,NYSE
BLDR,NYSE
BLK,NYSE
BLND,NYSE
BLSH,NYSE
BLX,NYSE
BMA,NYSE
BMI,NYSE
BMO,NYSE
BMY,NYSE
BN,NYSE
BNED,NYSE
BNL,NYSE
BNS,NYSE
BNT,NYSE
BOBS,NYSE
BOC,NYSE
BOH,NYSE
BORR,NYSE
BOX,NYSE
BP,NYSE
BR,NYSE
BRBR,NYSE
BRC,NYSE
BRCC,NYSE
BRK.A,NYSE
BRK.B,NYSE
BRO,NYSE
BROS,NYSE
BRSL,NYSE
BRSP,NYSE
BRT,NYSE
BRX,NYSE
BSAC,NYSE
BSM,NYSE
BSX,NYSE
BTE,NYSE
BTI,NYSE
BTU,NYSE
BUD,NYSE
BUR,NYSE
BURL,NYSE
BVN,NYSE
BW,NYSE
BWA,NYSE
BWLP,NYSE
BWMX,NYSE
BWXT,NYSE
BX,NYSE
BXP,NYSE
BY,NYSE
BYD,NYSE
BZH,NYSE
C,NYSE
CAAP,NYSE
CABO,NYSE
CAE,NYSE
CAG,NYSE
CAH,NYSE
CAL,NYSE
CALX,NYSE
CALY,NYSE
CANG,NYSE
CAPL,NYSE
CARR,NYSE
CARS,NYSE
CAT,NYSE
CATO,NYSE
CAVA,NYSE
CB,NYSE
CBAN,NYSE
CBL,NYSE
CBNA,NYSE
CBRE,NYSE
CBT,NYSE
CBU,NYSE
CBZ,NYSE
CC,NYSE
CCI,NYSE
CCJ,NYSE
CCL,NYSE
CCS,NYSE
CCU,NYSE
CDE,NYSE
CDLR,NYSE
CDP,NYSE
CE,NYSE
CEPU,NYSE
CFG,NYSE
CFR,NYSE
CGAU,NYSE
CHD,NYSE
CHE,NYSE
CHGG,NYSE
CHMI,NYSE
CHT,NYSE
CHWY,NYSE
CI,NYSE
CIA,NYSE
CIEN,NYSE
CIG,NYSE
CIG.C,NYSE
CIM,NYSE
CINT,NYSE
CION,NYSE
CL,NYSE
CLB,NYSE
CLF,NYSE
CLH,NYSE
CLPR,NYSE
CLS,NYSE
CLVT,NYSE
CLW,NYSE
CLX,NYSE
CM,NYSE
CMBT,NYSE
CMC,NYSE
CMCM,NYSE
CMG,NYSE
CMI,NYSE
CMP,NYSE
CMRE,NYSE
CMS,NYSE
CNA,NYSE
CNC,NYSE
CNH,NYSE
CNI,NYSE
CNM,NYSE
CNMD,NYSE
CNO,NYSE
CNO$A,NYSE
CNP,NYSE
CNQ,NYSE
CNR,NYSE
CNS,NYSE
CNX,NYSE
COF,NYSE
COHR,NYSE
COMP,NYSE
COOK,NYSE
COP,NYSE
COPL,NYSE
COR,NYSE
COSO,NYSE
COTY,NYSE
COUR,NYSE
CP,NYSE
CPAC,NYSE
CPAY,NYSE
CPF,NYSE
CPK,NYSE
CPNG,NYSE
CQP,NYSE
CR,NYSE
CRBG,NYSE
CRC,NYSE
CRCL,NYSE
CRD.A,NYSE
CRD.B,NYSE
CRGY,NYSE
CRH,NYSE
CRI,NYSE
CRK,NYSE
CRM,NYSE
CRS,NYSE
CSAN,NYSE
CSL,NYSE
CSR,NYSE
CSTM,NYSE
CSV,NYSE
CSW,NYSE
CTEV,NYSE
CTO,NYSE
CTOS,NYSE
CTRA,NYSE
CTRE,NYSE
CTS,NYSE
CTVA,NYSE
CUBE,NYSE
CUBI,NYSE
CUK,NYSE
CULP,NYSE
CURB,NYSE
CUZ,NYSE
CVE,NYSE
CVEO,NYSE
CVI,NYSE
CVLG,NYSE
CVNA,NYSE
CVS,NYSE
CVX,NYSE
CW,NYSE
CWEN,NYSE
CWEN.A,NYSE
CWK,NYSE
CWT,NYSE
CX,NYSE
CXM,NYSE
CXT,NYSE
CXW,NYSE
CYH,NYSE
D,NYSE
DAC,NYSE
DAL,NYSE
DAN,NYSE
DAO,NYSE
DAR,NYSE
DAVA,NYSE
DB,NYSE
DBD,NYSE
DBI,NYSE
DBRG,NYSE
DCH,NYSE
DCI,NYSE
DCO,NYSE
DD,NYSE
DDD,NYSE
DDL,NYSE
DDS,NYSE
DE,NYSE
DEA,NYSE
DEC,NYSE
DECK,NYSE
DEI,NYSE
DELL,NYSE
DEO,NYSE
DFH,NYSE
DFIN,NYSE
DG,NYSE
DGX,NYSE
DHI,NYSE
DHR,NYSE
DHX,NYSE
DIN,NYSE
DINO,NYSE
DIS,NYSE
DKL,NYSE
DKS,NYSE
DLB,NYSE
DLNG,NYSE
DLX,NYSE
DNOW,NYSE
DOC,NYSE
DOCS,NYSE
DOLE,NYSE
DOUG,NYSE
DOV,NYSE
DOW,NYSE
DQ,NYSE
DRD,NYSE
DRI,NYSE
DSX,NYSE
DT,NYSE
DTE,NYSE
DTM,NYSE
DUK,NYSE
DUKB,NYSE
DVA,NYSE
DVN,NYSE
DX,NYSE
DXC,NYSE
DXYZ,NYSE
DY,NYSE
E,NYSE
EARN,NYSE
EB,NYSE
EBF,NYSE
EBS,NYSE
EC,NYSE
ECC,NYSE
ECG,NYSE
ECL,NYSE
ECO,NYSE
ECVT,NYSE
ED,NYSE
EDN,NYSE
EDU,NYSE
EE,NYSE
EEX,NYSE
EFC,NYSE
EFX,NYSE
EFXT,NYSE
EG,NYSE
EGO,NYSE
EGP,NYSE
EGY,NYSE
EHAB,NYSE
EHC,NYSE
EL,NYSE
ELAN,NYSE
ELF,NYSE
ELME,NYSE
ELPC,NYSE
ELS,NYSE
ELV,NYSE
EMA,NYSE
EMBJ,NYSE
EME,NYSE
EMN,NYSE
EMR,NYSE
ENB,NYSE
ENIC,NYSE
ENOV,NYSE
ENS,NYSE
EOG,NYSE
EPAC,NYSE
EPAM,NYSE
EPC,NYSE
EPD,NYSE
EPR,NYSE
EQBK,NYSE
EQNR,NYSE
EQR,NYSE
EQS,NYSE
EQT,NYSE
ERO,NYSE
ES,NYSE
ESAB,NYSE
ESE,NYSE
ESI,NYSE
ESNT,NYSE
ESTC,NYSE
ET,NYSE
ETD,NYSE
ETN,NYSE
ETO,NYSE
ETR,NYSE
ETSY,NYSE
EVAC,NYSE
EVC,NYSE
EVEX,NYSE
EVH,NYSE
EVMN,NYSE
EVR,NYSE
EVTC,NYSE
EVTL,NYSE
EW,NYSE
EXK,NYSE
EXP,NYSE
EXR,NYSE
F,NYSE
FAF,NYSE
FBIN,NYSE
FBK,NYSE
FBP,NYSE
FC,NYSE
FCF,NYSE
FCN,NYSE
FCRS,NYSE
FCX,NYSE
FDP,NYSE
FDS,NYSE
FDX,NYSE
FE,NYSE
FEDU,NYSE
FENG,NYSE
FERG,NYSE
FET,NYSE
FF,NYSE
FFWM,NYSE
FG,NYSE
FHI,NYSE
FHN,NYSE
FICO,NYSE
FIG,NYSE
FIGS,NYSE
FINV,NYSE
FIS,NYSE
FIX,NYSE
FLG,NYSE
FLNG,NYSE
FLO,NYSE
FLR,NYSE
FLS,NYSE
FLUT,NYSE
FMC,NYSE
FMS,NYSE
FMX,NYSE
FN,NYSE
FNB,NYSE
FNF,NYSE
FNV,NYSE
FOA,NYSE
FOR,NYSE
FOUR,NYSE
FPI,NYSE
FPS,NYSE
FRO,NYSE
FSCO,NYSE
FSK,NYSE
FSM,NYSE
FSS,NYSE
FTI,NYSE
FTK,NYSE
FTS,NYSE
FTV,NYSE
FTW,NYSE
FUBO,NYSE
FUL,NYSE
FUN,NYSE
FVR,NYSE
G,NYSE
GAM,NYSE
GAP,NYSE
GATX,NYSE
GBCI,NYSE
GBTG,NYSE
GBX,NYSE
GCO,NYSE
GCTS,NYSE
GD,NYSE
GDDY,NYSE
GDOT,NYSE
GE,NYSE
GEF,NYSE
GEF.B,NYSE
GEL,NYSE
GENI,NYSE
GEO,NYSE
GEV,NYSE
GFF,NYSE
GFI,NYSE
GFL,NYSE
GFR,NYSE
GGB,NYSE
GGG,NYSE
GHG,NYSE
GHM,NYSE
GIB,NYSE
GIC,NYSE
GIL,NYSE
GIS,NYSE
GKOS,NYSE
GL,NYSE
GL$D,NYSE
GLOB,NYSE
GLP,NYSE
GLW,NYSE
GM,NYSE
GME,NYSE
GMED,NYSE
GMRE,NYSE
GNE,NYSE
GNK,NYSE
GNL,NYSE
GNRC,NYSE
GNW,NYSE
GOLD,NYSE
GOTU,NYSE
GPC,NYSE
GPGI,NYSE
GPI,NYSE
GPK,NYSE
GPN,NYSE
GPOR,NYSE
GPRK,NYSE
GRBK,NYSE
GRC,NYSE
GRDN,NYSE
GRMN,NYSE
GRND,NYSE
GRNT,NYSE
GS,NYSE
GS$D,NYSE
GSBD,NYSE
GSK,NYSE
GSL,NYSE
GTES,NYSE
GTLS,NYSE
GTN,NYSE
GTN.A,NYSE
GTY,NYSE
GVA,NYSE
GWH,NYSE
GWRE,NYSE
GWW,NYSE
GXO,NYSE
H,NYSE
HAE,NYSE
HAFN,NYSE
HAL,NYSE
HASI,NYSE
HBB,NYSE
HBM,NYSE
HCA,NYSE
HCC,NYSE
HCI,NYSE
HD,NYSE
HDB,NYSE
HE,NYSE
HEI,NYSE
HEI.A,NYSE
HESM,NYSE
HG,NYSE
HGTY,NYSE
HGV,NYSE
HIG,NYSE
HII,NYSE
HIMS,NYSE
HIW,NYSE
HKD,NYSE
HL,NYSE
HLF,NYSE
HLI,NYSE
HLIO,NYSE
HLLY,NYSE
HLN,NYSE
HLX,NYSE
HMC,NYSE
HMN,NYSE
HMY,NYSE
HNGE,NYSE
HNI,NYSE
HOG,NYSE
HOMB,NYSE
HOV,NYSE
HP,NYSE
HPE,NYSE
HPP,NYSE
HPQ,NYSE
HQH,NYSE
HQL,NYSE
HRB,NYSE
HRL,NYSE
HSHP,NYSE
HSY,NYSE
HTB,NYSE
HTGC,NYSE
HTT,NYSE
HUBB,NYSE
HUBS,NYSE
HUM,NYSE
HUN,NYSE
HUYA,NYSE
HVT,NYSE
HVT.A,NYSE
HWM,NYSE
HXL,NYSE
HY,NYSE
HYAC,NYSE
HZO,NYSE
IAG,NYSE
IBN,NYSE
IBP,NYSE
IBTA,NYSE
ICE,NYSE
ICL,NYSE
IDA,NYSE
IDT,NYSE
IEX,NYSE
IFS,NYSE
IH,NYSE
IHG,NYSE
IHS,NYSE
IIIN,NYSE
IIPR,NYSE
IMAX,NYSE
INFQ,NYSE
INFY,NYSE
ING,NYSE
INGM,NYSE
INGR,NYSE
INN,NYSE
INR,NYSE
INSP,NYSE
INVH,NYSE
IONQ,NYSE
IOT,NYSE
IPI,NYSE
IR,NYSE
IRM,NYSE
IRS,NYSE
IT,NYSE
ITT,NYSE
ITW,NYSE
IVR,NYSE
IVT,NYSE
IVZ,NYSE
IX,NYSE
J,NYSE
JACS,NYSE
JBGS,NYSE
JBK,NYSE
JBL,NYSE
JBS,NYSE
JBTM,NYSE
JEF,NYSE
JELD,NYSE
JENA,NYSE
JHG,NYSE
JHX,NYSE
JILL,NYSE
JKS,NYSE
JLL,NYSE
JMIA,NYSE
JNJ,NYSE
JOBY,NYSE
JOE,NYSE
JPM,NYSE
JXN,NYSE
KAI,NYSE
KB,NYSE
KBDC,NYSE
KBH,NYSE
KBR,NYSE
KEP,NYSE
KEX,NYSE
KEY,NYSE
KEYS,NYSE
KFRC,NYSE
KFS,NYSE
KFY,NYSE
KGC,NYSE
KGS,NYSE
KIM,NYSE
KKR,NYSE
KLAR,NYSE
KLC,NYSE
KMI,NYSE
KMPB,NYSE
KMPR,NYSE
KMT,NYSE
KMX,NYSE
KN,NYSE
KNF,NYSE
KNOP,NYSE
KNSL,NYSE
KO,NYSE
KODK,NYSE
KOS,NYSE
KR,NYSE
KRC,NYSE
KRO,NYSE
KRP,NYSE
KRSP,NYSE
KSS,NYSE
KT,NYSE
KTB,NYSE
KVUE,NYSE
KWR,NYSE
L,NYSE
LAC,NYSE
LAD,NYSE
LADR,NYSE
LAR,NYSE
LAW,NYSE
LAZ,NYSE
LB,NYSE
LBRT,NYSE
LC,NYSE
LCII,NYSE
LDI,NYSE
LEA,NYSE
LEG,NYSE
LEN,NYSE
LEN.B,NYSE
LEO,NYSE
LEU,NYSE
LEVI,NYSE
LHX,NYSE
LION,NYSE
LITB,NYSE
LLY,NYSE
LMND,NYSE
LMT,NYSE
LNC,NYSE
LND,NYSE
LNG,NYSE
LNN,NYSE
LOB,NYSE
LOCL,NYSE
LOMA,NYSE
LOW,NYSE
LPG,NYSE
LPL,NYSE
LPX,NYSE
LRN,NYSE
LSPD,NYSE
LTC,NYSE
LTM,NYSE
LU,NYSE
LUCK,NYSE
LUMN,NYSE
LUV,NYSE
LUXE,NYSE
LVS,NYSE
LVWR,NYSE
LXU,NYSE
LYB,NYSE
LYG,NYSE
LYV,NYSE
LZB,NYSE
LZM,NYSE
M,NYSE
MA,NYSE
MAA,NYSE
MAC,NYSE
MAGN,NYSE
MAIN,NYSE
MAN,NYSE
MANE,NYSE
MANU,NYSE
MAS,NYSE
MATX,NYSE
MAX,NYSE
MBC,NYSE
MBI,NYSE
MC,NYSE
MCB,NYSE
MCD,NYSE
MCI,NYSE
MCK,NYSE
MCO,NYSE
MCS,NYSE
MCY,NYSE
MD,NYSE
MDT,NYSE
MDU,NYSE
MDV,NYSE
MEC,NYSE
MED,NYSE
MEG,NYSE
MEI,NYSE
MET,NYSE
MET$E,NYSE
MFA,NYSE
MFC,NYSE
MFG,NYSE
MG,NYSE
MGY,NYSE
MH,NYSE
MHK,NYSE
MHO,NYSE
MICC,NYSE
MIR,NYSE
MKC,NYSE
MKC.V,NYSE
MKL,NYSE
MLI,NYSE
MLM,NYSE
MLP,NYSE
MLR,NYSE
MMI,NYSE
MMM,NYSE
MMS,NYSE
MNR,NYSE
MNSO,NYSE
MNTN,NYSE
MO,NYSE
MOD,NYSE
MOG.A,NYSE
MOG.B,NYSE
MOGU,NYSE
MOH,NYSE
MOS,NYSE
MOV,NYSE
MP,NYSE
MPC,NYSE
MPLX,NYSE
MPV,NYSE
MPX,NYSE
MRK,NYSE
MRP,NYSE
MRSH,NYSE
MS,NYSE
MS$A,NYSE
MS$F,NYSE
MSA,NYSE
MSCI,NYSE
MSGE,NYSE
MSGS,NYSE
MSI,NYSE
MSM,NYSE
MT,NYSE
MTB,NYSE
MTDR,NYSE
MTG,NYSE
MTH,NYSE
MTN,NYSE
MTRN,NYSE
MTUS,NYSE
MTW,NYSE
MTX,NYSE
MTZ,NYSE
MUFG,NYSE
MUR,NYSE
MUSA,NYSE
MUX,NYSE
MWA,NYSE
MX,NYSE
MYE,NYSE
NABL,NYSE
NAT,NYSE
NATL,NYSE
NBR,NYSE
NC,NYSE
NCDL,NYSE
NE,NYSE
NE.A,NYSE
NEE,NYSE
NEE$S,NYSE
NEE$T,NYSE
NEM,NYSE
NET,NYSE
NEU,NYSE
NEXA,NYSE
NFG,NYSE
NGG,NYSE
NGL,NYSE
NGS,NYSE
NGVC,NYSE
NGVT,NYSE
NHI,NYSE
NI,NYSE
NIC,NYSE
NIO,NYSE
NIQ,NYSE
NJR,NYSE
NKE,NYSE
NL,NYSE
NLOP,NYSE
NLY,NYSE
NMAX,NYSE
NMG,NYSE
NMM,NYSE
NNI,NYSE
NNN,NYSE
NOA,NYSE
NOC,NYSE
NOG,NYSE
NOK,NYSE
NOMD,NYSE
NOV,NYSE
NOW,NYSE
NPB,NYSE
NPK,NYSE
NPO,NYSE
NPWR,NYSE
NRDY,NYSE
NREF,NYSE
NRG,NYSE
NRP,NYSE
NSC,NYSE
NSP,NYSE
NTB,NYSE
NTR,NYSE
NTST,NYSE
NTZ,NYSE
NUE,NYSE
NUS,NYSE
NUVB,NYSE
NVO,NYSE
NVR,NYSE
NVRI,NYSE
NVS,NYSE
NVT,NYSE
NWAX,NYSE
NWG,NYSE
NWN,NYSE
NX,NYSE
NXE,NYSE
NYC,NYSE
NYT,NYSE
OBDC,NYSE
OBK,NYSE
OC,NYSE
ODC,NYSE
ODV,NYSE
OEC,NYSE
OFG,NYSE
OFRM,NYSE
OGE,NYSE
OGN,NYSE
OGS,NYSE
OHI,NYSE
OI,NYSE
OKE,NYSE
OKLO,NYSE
OLN,NYSE
OLP,NYSE
OMC,NYSE
ONIT,NYSE
ONL,NYSE
ONON,NYSE
ONTF,NYSE
ONTO,NYSE
OOMA,NYSE
OPAD,NYSE
OPFI,NYSE
OPLN,NYSE
OPTU,NYSE
OR,NYSE
ORA,NYSE
ORC,NYSE
ORCL,NYSE
OSCR,NYSE
OSG,NYSE
OSK,NYSE
OTF,NYSE
OTIS,NYSE
OUT,NYSE
OVV,NYSE
OWL,NYSE
OWLT,NYSE
OXM,NYSE
OXY,NYSE
PAAS,NYSE
PACS,NYSE
PAG,NYSE
PAGS,NYSE
PAII,NYSE
PAM,NYSE
PAR,NYSE
PATH,NYSE
PAYC,NYSE
PB,NYSE
PBA,NYSE
PBF,NYSE
PBH,NYSE
PBI,NYSE
PBR,NYSE
PCG,NYSE
PCOR,NYSE
PD,NYSE
PDCC,NYSE
PDS,NYSE
PEG,NYSE
PEN,NYSE
PERF,NYSE
PFE,NYSE
PFGC,NYSE
PFLT,NYSE
PFS,NYSE
PFSI,NYSE
PG,NYSE
PGR,NYSE
PH,NYSE
PHG,NYSE
PHI,NYSE
PHIN,NYSE
PHM,NYSE
PHR,NYSE
PII,NYSE
PINS,NYSE
PIPR,NYSE
PJT,NYSE
PK,NYSE
PKE,NYSE
PKG,NYSE
PL,NYSE
PLD,NYSE
PLNT,NYSE
PLOW,NYSE
PNC,NYSE
PNFP,NYSE
PNNT,NYSE
PNR,NYSE
PNW,NYSE
POR,NYSE
PPG,NYSE
PPL,NYSE
PR,NYSE
PRA,NYSE
PRGO,NYSE
PRI,NYSE
PRIM,NYSE
PRKS,NYSE
PRLB,NYSE
PRM,NYSE
PRMB,NYSE
PRSU,NYSE
PRU,NYSE
PSA,NYSE
PSBD,NYSE
PSFE,NYSE
PSN,NYSE
PSO,NYSE
PSTG,NYSE
PSX,NYSE
PUK,NYSE
PUMP,NYSE
PVH,NYSE
PWR,NYSE
PXED,NYSE
PYT,NYSE
Q,NYSE
QBTS,NYSE
QGEN,NYSE
QUAD,NYSE
QXO,NYSE
R,NYSE
RAC,NYSE
RACE,NYSE
RAL,NYSE
RBA,NYSE
RBC,NYSE
RBLX,NYSE
RBOT,NYSE
RBRK,NYSE
RC,NYSE
RCI,NYSE
RCL,NYSE
RCUS,NYSE
RDDT,NYSE
RDN,NYSE
RDW,NYSE
RDY,NYSE
RELX,NYSE
RERE,NYSE
RES,NYSE
REX,NYSE
REXR,NYSE
REZI,NYSE
RF,NYSE
RGA,NYSE
RGR,NYSE
RH,NYSE
RHI,NYSE
RHP,NYSE
RIG,NYSE
RIO,NYSE
RITM,NYSE
RJF,NYSE
RKT,NYSE
RL,NYSE
RLI,NYSE
RM,NYSE
RMD,NYSE
RNG,NYSE
RNGR,NYSE
RNST,NYSE
ROG,NYSE
ROK,NYSE
ROL,NYSE
RPC,NYSE
RRC,NYSE
RRX,NYSE
RS,NYSE
RSG,NYSE
RSI,NYSE
RSKD,NYSE
RTO,NYSE
RTX,NYSE
RVLV,NYSE
RVTY,NYSE
RXO,NYSE
RY,NYSE
RYAM,NYSE
RYI,NYSE
RYN,NYSE
RZB,NYSE
RZC,NYSE
S,NYSE
SA,NYSE
SAC,NYSE
SAFE,NYSE
SAH,NYSE
SAM,NYSE
SAN,NYSE
SAP,NYSE
SAR,NYSE
SARO,NYSE
SB,NYSE
SBDS,NYSE
SBS,NYSE
SBSI,NYSE
SBSW,NYSE
SBXD,NYSE
SBXE,NYSE
SCCO,NYSE
SCHW,NYSE
SCL,NYSE
SCM,NYSE
SD,NYSE
SDHC,NYSE
SDRL,NYSE
SE,NYSE
SEE,NYSE
SEG,NYSE
SEI,NYSE
SES,NYSE
SF,NYSE
SFBS,NYSE
SFL,NYSE
SG,NYSE
SGHC,NYSE
SGU,NYSE
SHAK,NYSE
SHEL,NYSE
SHG,NYSE
SHO,NYSE
SHW,NYSE
SI,NYSE
SID,NYSE
SIG,NYSE
SII,NYSE
SITC,NYSE
SITE,NYSE
SJM,NYSE
SKE,NYSE
SKIL,NYSE
SKLZ,NYSE
SKM,NYSE
SKT,NYSE
SKY,NYSE
SKYH,NYSE
SLAI,NYSE
SLB,NYSE
SLF,NYSE
SLG,NYSE
SLQT,NYSE
SLVM,NYSE
SM,NYSE
SMA,NYSE
SMBK,NYSE
SMC,NYSE
SMFG,NYSE
SMG,NYSE
SMP,NYSE
SMR,NYSE
SMRT,NYSE
SMWB,NYSE
SN,NYSE
SNA,NYSE
SNAP,NYSE
SNDA,NYSE
SNDR,NYSE
SNN,NYSE
SNOW,NYSE
SNX,NYSE
SO,NYSE
SOBO,NYSE
SOC,NYSE
SOLV,NYSE
SON,NYSE
SONY,NYSE
SOR,NYSE
SOS,NYSE
SOUL,NYSE
SPG,NYSE
SPH,NYSE
SPHR,NYSE
SPIR,NYSE
SPMC,NYSE
SPNT,NYSE
SPOT,NYSE
SPRU,NYSE
SPXC,NYSE
SQM,NYSE
SQNS,NYSE
SR,NYSE
SRE,NYSE
SRFM,NYSE
SRG,NYSE
SRI,NYSE
SRL,NYSE
SSB,NYSE
SSD,NYSE
SSL,NYSE
SST,NYSE
SSTK,NYSE
ST,NYSE
STAG,NYSE
STC,NYSE
STE,NYSE
STEL,NYSE
STEM,NYSE
STG,NYSE
STLA,NYSE
STM,NYSE
STN,NYSE
STNG,NYSE
STT,NYSE
STT$G,NYSE
STVN,NYSE
STZ,NYSE
SU,NYSE
SUI,NYSE
SUN,NYSE
SUNC,NYSE
SUPV,NYSE
SUZ,NYSE
SVV,NYSE
SW,NYSE
SWK,NYSE
SXC,NYSE
SXT,NYSE
SYF,NYSE
SYK,NYSE
SYY,NYSE
T,NYSE
TAC,NYSE
TAK,NYSE
TAL,NYSE
TALO,NYSE
TAP,NYSE
TAP.A,NYSE
TBBB,NYSE
TBI,NYSE
TBN,NYSE
TCBX,NYSE
TCI,NYSE
TD,NYSE
TDAY,NYSE
TDC,NYSE
TDG,NYSE
TDOC,NYSE
TDS,NYSE
TDW,NYSE
TDY,NYSE
TE,NYSE
TECK,NYSE
TEL,NYSE
TEN,NYSE
TEO,NYSE
TEVA,NYSE
TEX,NYSE
TFC,NYSE
TFC$I,NYSE
TFIN,NYSE
TFPM,NYSE
TFX,NYSE
TG,NYSE
TGE,NYSE
TGLS,NYSE
TGNA,NYSE
TGS,NYSE
TGT,NYSE
THC,NYSE
THG,NYSE
THO,NYSE
TIC,NYSE
TIMB,NYSE
TISI,NYSE
TJX,NYSE
TK,NYSE
TKC,NYSE
TKR,NYSE
TLK,NYSE
TLYS,NYSE
TM,NYSE
TME,NYSE
TMHC,NYSE
TMO,NYSE
TNC,NYSE
TNET,NYSE
TNK,NYSE
TNL,NYSE
TOL,NYSE
TOST,NYSE
TPB,NYSE
TPC,NYSE
TPH,NYSE
TPL,NYSE
TPR,NYSE
TPVG,NYSE
TR,NYSE
TRAK,NYSE
TRC,NYSE
TREX,NYSE
TRGP,NYSE
TRN,NYSE
TRNO,NYSE
TRP,NYSE
TRU,NYSE
TRV,NYSE
TS,NYSE
TSE,NYSE
TSLX,NYSE
TSM,NYSE
TSN,NYSE
TSQ,NYSE
TT,NYSE
TTAM,NYSE
TTC,NYSE
TTE,NYSE
TTI,NYSE
TU,NYSE
TUYA,NYSE
TV,NYSE
TVC,NYSE
TVE,NYSE
TWLO,NYSE
TWO,NYSE
TX,NYSE
TXNM,NYSE
TXO,NYSE
TXT,NYSE
TY,NYSE
TYG,NYSE
TYL,NYSE
U,NYSE
UA,NYSE
UAA,NYSE
UAN,NYSE
UBER,NYSE
UBS,NYSE
UCB,NYSE
UDR,NYSE
UE,NYSE
UFI,NYSE
UGI,NYSE
UGP,NYSE
UHAL,NYSE
UHS,NYSE
UI,NYSE
UIS,NYSE
UL,NYSE
ULS,NYSE
UMC,NYSE
UMH,NYSE
UNF,NYSE
UNFI,NYSE
UNH,NYSE
UNM,NYSE
UNP,NYSE
UP,NYSE
UPS,NYSE
URI,NYSE
USAC,NYSE
USB,NYSE
USB$H,NYSE
USFD,NYSE
USNA,NYSE
USPH,NYSE
UTI,NYSE
UTL,NYSE
UTZ,NYSE
UVV,NYSE
V,NYSE
VAC,NYSE
VACI,NYSE
VAL,NYSE
VALE,NYSE
VATE,NYSE
VEEV,NYSE
VEL,NYSE
VET,NYSE
VFC,NYSE
VG,NYSE
VHI,NYSE
VIA,NYSE
VICI,NYSE
VIRT,NYSE
VIV,NYSE
VLN,NYSE
VLO,NYSE
VLRS,NYSE
VLTO,NYSE
VMC,NYSE
VMI,NYSE
VNT,NYSE
VOYA,NYSE
VOYG,NYSE
VPG,NYSE
VRE,NYSE
VRTS,NYSE
VSCO,NYSE
VSH,NYSE
VST,NYSE
VSTS,NYSE
VTEX,NYSE
VTMX,NYSE
VTOL,NYSE
VTR,NYSE
VTS,NYSE
VVV,NYSE
VVX,NYSE
VYX,NYSE
VZ,NYSE
W,NYSE
WAB,NYSE
WAL,NYSE
WAT,NYSE
WBI,NYSE
WBS,NYSE
WBX,NYSE
WCN,NYSE
WD,NYSE
WDS,NYSE
WEAV,NYSE
WEC,NYSE
WELL,NYSE
WES,NYSE
WEX,NYSE
WF,NYSE
WFC,NYSE
WFG,NYSE
WGO,NYSE
WH,NYSE
WHD,NYSE
WHR,NYSE
WIT,NYSE
WK,NYSE
WKC,NYSE
WLK,NYSE
WLKP,NYSE
WLY,NYSE
WLYB,NYSE
WM,NYSE
WMB,NYSE
WMK,NYSE
WMS,NYSE
WNC,NYSE
WOLF,NYSE
WOR,NYSE
WPC,NYSE
WPM,NYSE
WPP,NYSE
WRB,NYSE
WRB$E,NYSE
WRB$F,NYSE
WRB$G,NYSE
WRB$H,NYSE
WRBY,NYSE
WS,NYSE
WSM,NYSE
WSO,NYSE
WSO.B,NYSE
WSR,NYSE
WST,NYSE
WT,NYSE
WTI,NYSE
WTM,NYSE
WTRG,NYSE
WTS,NYSE
WTTR,NYSE
WU,NYSE
WWW,NYSE
WY,NYSE
XHR,NYSE
XIFR,NYSE
XOM,NYSE
XPER,NYSE
XPEV,NYSE
XPO,NYSE
XPOF,NYSE
XXI,NYSE
XYF,NYSE
XYL,NYSE
XYZ,NYSE
XZO,NYSE
YALA,NYSE
YCY,NYSE
YELP,NYSE
YEXT,NYSE
YMM,NYSE
YOU,NYSE
YPF,NYSE
YRD,NYSE
YSG,NYSE
YSS,NYSE
YUM,NYSE
ZEPP,NYSE
ZGN,NYSE
ZH,NYSE
ZIM,NYSE
ZIP,NYSE
ZKH,NYSE
ZTO,NYSE
ZTS,NYSE
ZVIA,NYSE
ZWS,NYSE
